Timestamp,TransactionHash,BlockNumber,poolId,user,claimLockStart,claimLockEnd
2024-07-25T23:28:23,5d90211da5c2cabd898f5caacee63d1ceef4eccca2281b806574dc14c973fa5a,20384758,0,0xE8440f84fC83046dFDad99B9a2c498853BFf6343,1721924903,1721925600
2024-07-25T23:37:59,1c83fe34aa1e3897d151bd064dc20e1074f82f95daa61326d0a68579def654e5,20384806,0,0x3EcC570cEd73e2656629108e379FD07907116b78,1721925479,1848153600
2024-07-25T23:51:47,9f089f4efc87ef0ffc153d4644902e9a8c9be2aaefb8d9dbdaf02c18f3df9fc0,20384874,0,0xE8440f84fC83046dFDad99B9a2c498853BFf6343,1721926307,1784991600
2024-07-25T23:57:23,a59bcfbd6b6bab559f55660702326e830d0e2cb92e52de6b7cc6dfb10154db6f,20384902,0,0x76405775eB54767F1f95A9fD1eA5492B0204D87a,1721926643,1848114000
2024-07-26T00:58:23,967d0572ce64b45b53c7a401fa96ef2f9cf17929e77f321cc745fff3d51a2bd6,20385206,0,0x7aF5BA6291b15c5053d6dDA6bB2cD89909Dac39D,1721930303,1844974800
2024-07-26T01:18:59,20df1e5c1929f780532520a2cf90c1d05fb646f3ff75a2d92a61c4b6c6459d87,20385309,0,0xb1C454961607269Db37B36Eb374B186F79d77Db0,1721931539,1832997600
2024-07-26T01:20:23,33765cc7be1efece64a78913ab6bbb11605258820f2d63dc1800a0a6c2cef7a6,20385316,0,0xA75a5942aE98549827D140d99d0Ec25A2476f576,1721931623,1855893600
2024-07-26T01:29:59,f005dfd404398e060031bc752ac23ae490dea6413b2a039d4ea002fc3b8cb830,20385363,0,0x84Ca849d51b2ce29d83f7F8baa445443215D40f5,1721932199,1893736800
2024-07-26T01:32:59,850cd5fcb36b41b4f93617628fb0ffc03ed18c0b0d4595869f626290054d792d,20385378,0,0xA58b628f5fEE34Bf1de6c3A460Bd043dE57E22D9,1721932223,1848110400
2024-07-26T01:34:47,b550c6ddca9c95fd84e942d0e65e3bd30c8d3dcd714f6b67fdcafc3b45e3eb7c,20385387,0,0xeE437958a65927B7fef2DB9946eC1Dd075503595,1721932487,1909112400
2024-07-26T01:40:59,343751982071db95dc40477ab09cc3d8c98ffed9f6579a54d72c0fffefa52f7d,20385418,0,0x896C20Da40c2A4df9B7C98B16a8D5A95129161a5,1721932859,1734843600
2024-07-26T01:44:35,377011333106566be057e8d703503176431ddea90e8a618089d03bc396b45c65,20385436,0,0x896C20Da40c2A4df9B7C98B16a8D5A95129161a5,1721932859,1911182400
2024-07-26T01:45:23,e00b5828524e63b4cb98edacb302d5191699751ad94da41c085c7cb191e48886,20385440,0,0x144b377836fF5b8BfBa8BcdcFB5C82c304CCDc9D,1721933123,1725681600
2024-07-26T02:29:47,344669d1e1a1d25b19f077c60e486ae4b8b01514f129e0359a34c0e09989b252,20385659,0,0xa90D1AEDe86AecC6b9115Fb2E8d195aC2d03F850,1721935787,1721935787
2024-07-26T03:20:23,abee9b85da0d17289aca47943a16f1f30116d40cd8375cef57eab9e87adae601,20385911,0,0xF94A4dF43a85f7FE60EeC2489Df50e5F768B8FD4,1721938823,1756591200
2024-07-26T04:10:23,f5edb944f6bf1305ec80c0f456c559c3b62fd4873f4a2d8e01184d6039a86a28,20386159,0,0x8C39b7cB82B9D791ADCc9387098944B635C17B32,1721941823,1742338800
2024-07-26T04:24:35,c7b4417eaa3b2994f4c89b398db84a5f8152bd1281ff0915994ac605a5eb8064,20386230,0,0x0b2DAD4580f2eDc7B2c1f50572650D12fa241850,1721942675,1806789600
2024-07-26T05:31:35,ed40144f66958084ed6d3117b985314065a473a2fcd3da794f24f174136a0f74,20386561,0,0x8C9974E348721F732633702F8F8Cd89Ae95dd628,1721946695,1814480995
2024-07-26T05:36:11,7b5be7e9d214f1a136962914dd12d4e34838ccf6f98ca532ef080c34108cfb70,20386584,0,0x08d2c744Fd60F2dca8C1885D3AA03Ff6D3fA5d11,1721946971,1784959200
2024-07-26T06:20:11,be50312e1a63ce74ceefa9ddc514e7bd45f32d06597973fdc59eea16b0ff9ebf,20386801,0,0x299bb5b9329450BA1997d4fd4d2486491F673506,1721949611,1753401600
2024-07-26T07:23:11,18bda4b6ebeb06c2b681a541960ab329d84ddc68335d9d56953eaf70358ded26,20387114,0,0xfbABCdB3724f3b9978058652101cAe98Bf60D436,1721953391,1725033600
2024-07-26T08:05:59,0973877507cf225515537e895fa4616784f9283c7d4e70b23dc2c18e049221fb,20387325,0,0xFEb27AE7D48aaF7f54b189E010e12CBAe98E7992,1721955959,1879819200
2024-07-26T10:06:35,c7f8bdb404925825b48f10e50b6a7bff30d76149a5d889b35ab610ba1511cf73,20387923,0,0xc6Ca088D5Acfe7795f3c7091ACacEDd2Ae35744E,1721963195,1740459600
2024-07-26T12:05:35,12e8b1483bf7b037bd2102cb87fbd8ec9c4ed4c54c697a886ea75761329df497,20388518,0,0x35F1bAe79c4E74eE25354D326B42F809744F7E18,1721970335,1754258400
2024-07-26T12:06:35,4a7b7111329202ab70cd16ab9453cb41d5b33a392206a65f5ba917d7e5f8e190,20388523,0,0xe483508B13b0c9c7D633215FEEa608F8fa28f485,1721970395,1848632400
2024-07-26T13:00:59,e8803521b8f7bd6bb1b1ae378237b49c5aa9040b8da2da9054a7468676f36126,20388795,0,0xEc28EaE174831e807Ed49eFD2A897Dfc4d674f03,1721973659,1918245600
2024-07-26T13:32:47,45fbfd71d20085c607a89006cdb532c30269927c935597844fe35ec94412563a,20388953,0,0x61BE4048c631954a8adB3A7088b17ED8D9C2A33A,1721975567,1862035200
2024-07-26T13:37:35,85fe33e891f445f3e3406234005f70f8600a2a5eb7f775c5fe262aa363096b39,20388977,0,0xC136869E5f1997064E1425086C7d8D6740457F29,1721975855,1725224400
2024-07-26T14:40:47,5d425fb3151ca75b251c52c4775499162683df657a37e51db0038e5546fc0d1a,20389293,0,0x37C9e073b8E3202DF6e0Ec46251886F1B71480fa,1721979647,1752609600
2024-07-26T15:55:11,b61b2e8b1ce5354d8e3d88cbc52ec7a3f13ba477c25abd36b400fb247cd788ca,20389664,0,0xf951B74d580fc5Bbfa0309A7BBCc7eC97FDb7597,1721984111,1753891200
2024-07-26T17:05:11,893e521d48a5e01b54501d22718d4190c5e25eec05562bb58ef19c1dceb4f218,20390013,0,0x1E9638bBaEff7ceb8f4E94395b1F26aef5fd2590,1721988311,1725138000
2024-07-26T17:20:11,8ed5e6fd328b4a271eed3ca4859d5e2ede1329dcbe70f45fa0ba8b86f88309ff,20390087,0,0x31bc74806E7D7Ab8571d94b2dAfa5d6734a6D1E9,1721989211,1722470400
2024-07-26T17:22:23,66cc79d7806a4c26f292e713e13f3696298ce8d4cd3940f9ff912f2981038323,20390097,0,0xED99C6929BBA505a2f1A65B9cA156A068faB6427,1721989343,1730419200
2024-07-26T17:23:59,e6e21b7d611d08b12748d8a0d09ead4d5841dad37c85d74841a82daf2311253e,20390105,0,0xED99C6929BBA505a2f1A65B9cA156A068faB6427,1721989439,1730419200
2024-07-26T17:30:23,6bc2a1f38f0f0909788bb5b84413b6890fde7e0fc1a2d0c9bd0e88acc92fbd52,20390137,0,0xf3D9B8F6af674e82943b4685728B00D13a62FC9e,1721989823,1735603200
2024-07-26T19:44:59,bcc00452d6e05e3faaa91e71b86c82a07150ca4644c7d0bdba4441aac263a663,20390807,0,0x0FAc2E14CC0D0454112757cCb5998aC39c27fcEb,1721997899,1722355200
2024-07-26T20:20:11,5c57e45b8b5abdd923668419507227f0466a86ff86de9eece34863fcc116e456,20390982,0,0x73e5a34C05cF3c61DaB62F7F2A4e2d995A095D22,1722000011,1911139200
2024-07-26T20:24:59,146859c9942124494aed34f3763aa7dfd110726433215212ff047ff9a03d64e7,20391005,0,0x06519B84772a1B3c519870CA2eF825a87C1FB70E,1722000299,1911139200
2024-07-26T21:01:59,08c6ce4383d715b1a807a2cc90cfc58b31dd9629072c185af16ec3c1057a0e8d,20391189,0,0x0FAc2E14CC0D0454112757cCb5998aC39c27fcEb,1721997899,1748620800
2024-07-26T21:09:23,b56084a95fae52cf48debccb1fe7c9d43bf510bb7b9575e418f67db9baabf9e8,20391226,0,0x87376f16268A0b93055A6FbcBe94f093cb589B81,1722002963,1722002963
2024-07-26T21:28:35,feeab428edce60eee2601a0c30a8d5da3d0ba093c6fd9fa77a168d4f692a62eb,20391321,0,0x254aA313506df6Ca875C1EEBdF5C1756F4c77e72,1722004115,1752361200
2024-07-26T21:31:11,1fd271a0139a9c49e0ef0c426914aa37bf6e3147f9310c1de9c08f9720e7d782,20391334,0,0xAFd73155b74368448305cBF12e8B46Db17B0087e,1722004271,1752361200
2024-07-26T21:38:35,4ab2f09f1a80477319a871e48a603a631488cd25f168229d152901dcef71e8ab,20391371,0,0x4A46Fc0E9162bC7A186D5A22D83d5A48f5a5639c,1722004715,1783897200
2024-07-26T22:52:35,77380e03eb74da808bbc5d0b3825b83696a850a9d5d9b867b2ada172a27d88f4,20391740,0,0xC4ba2bB098Aa3bdF9e7b78b66e84DbD99Eb9b000,1722009155,1911268800
2024-07-26T23:18:23,cb201c63f96aedd75c35f78e2723c86ed52e87dd2b4636d823f43a1e73c314b8,20391869,0,0x4a2957796317FC6F4B682c620Ea74C01c4f44992,1722010703,1911268800
2024-07-26T23:39:35,7e644982a360ba02ed22c90ebc216e4b5f16b7477e2d41ec3cbdbf18efb22afa,20391974,0,0x745406B0620c28026BEd34356C2D928574D88f78,1722011975,1761886800
2024-07-27T07:10:47,35087f470f408524ccd06044b109ba3b270f925b8cb59df1ced8944ae24229d5,20394214,0,0x171B55FE63996Ea4237c5182bdCF0CB2FD71819f,1722039047,1909087200
2024-07-27T07:13:59,44f0ba66a1d5ee1011f818a08ed2a5c0e7ad7bc421454e93622a77969cc9e78b,20394230,0,0x171B55FE63996Ea4237c5182bdCF0CB2FD71819f,1722039047,1974924000
2024-07-27T08:23:47,ccc6c7341e5dd3465bc473600b88ad25593f2477f99e450cac401b00380b60bc,20394578,0,0x798118080Fd0a4900a5773F9505e2fa5cCF9789b,1722043427,1893452400
2024-07-27T08:30:59,7f8a4ad6eedecddc757c28cfb9e543202208d42b7b6f92465bbe7645159f0257,20394614,0,0xAAAe2dc1Bd381f8761fD799D1230fA8AE7c8da0f,1722043859,1893452400
2024-07-27T12:17:35,52d1ccb70c920f39f6c4a2f566317374e85c0dc7077f89c1c4450bed24473717,20395739,0,0x0dE81Fe5a768C90ba883c2F863b2929F155c3AFD,1722057455,1725141600
2024-07-27T12:48:11,3876587dc54f4a34fc65ef4b4c8aed08ef49ba63c8113fb47516d13d49606ae2,20395890,0,0xb93A30068178b00a1391ee54312efBB82Eec3B3F,1722059291,1760511600
2024-07-27T14:05:47,70e13dafbd412e29d3904ee54c84e503caea0d87705219785c05702a0965b1fc,20396277,0,0x70DfFe2B0b6F638721dADFb66C75B9cfD56Cb905,1722063947,1725033600
2024-07-27T21:35:47,3aaa82d4d429aaf2dc3c493ec7380efe3302675cf18044ee40b6ea177db17b6f,20398520,0,0xE1F8586192Cb65E698c8D238eF09DEe0FB5B4a5a,1722090947,1842238800
2024-07-27T21:46:11,568d2714a819230d3844fc3603883d3c9ef0bc6a6e8db5472e3342fff3b2ceaf,20398572,0,0xD65fe9Db69044F97609AFF0810F9C86652DB6452,1722091571,1754020800
2024-07-27T23:27:23,b9d7f9c572caad0e0b98e227376d0d6c9125b43980e66644a4a103b5e604aec9,20399075,0,0xeaDA699f119Ec274dD2C58E286664C231602Bb44,1722097643,1911355200
2024-07-28T02:22:23,e375edc237c01f9600b7e54cf9f9d5691cf3497966e7d784c167929964ae136d,20399943,0,0x9E66bA3672dAe0127F94E21490CfAFb1DdECd5F9,1722108143,1725919200
2024-07-28T05:41:23,79657e32ee9dbca3e4d332f721eaa700dd336199e2a68bcb80d2e2bb9646cf6f,20400933,0,0x44E09c829a3FD5EDe93f677bD008D27Cb8688984,1722120083,1767254400
2024-07-28T13:33:23,279f3682cc1c863bc8103996061a5e5976a1e79e6bc9eb9a6b714571e3125a19,20403277,0,0xC9FFf338e3286A5B3731F80e7Ea5B38CA1dcFf4C,1722148403,1909083600
2024-07-28T17:20:11,e52e0ad6e8a73b866ca7f867b8c728c32ed4971d3280207adf3be5df9daf3c4b,20404408,0,0xe674F3A432C6Da916029e4D8091B98c47C32756c,1722162011,1753905600
2024-07-28T17:42:35,d7f41fdce8144b259a727eb143a7c8c9a9384e5193edf14a09ac3863a940c287,20404519,0,0x65E380553670539e5CdC3267024e991248667536,1722163355,1730304000
2024-07-28T18:46:59,b1a5fffea51425a9cf527ebf8b30a919ea8038355fcac5d17d27aae901b19225,20404841,0,0x65E380553670539e5CdC3267024e991248667536,1722163355,1753891200
2024-07-28T18:49:47,422b5bdfb0cd729cc5fb5e4646fe231de643e04f65fdfcea3f66872bc522f0de,20404855,0,0xb5fd9d86826697ddA47A5045725406b3B1758c40,1722167387,1911445200
2024-07-28T20:21:35,d6a4e172796ac0485c37f6080ddc8311c1e3b2b5821c85b4cfea2a09ad80ff9e,20405311,0,0x2Fe21fc5130e953b862D4A6048CfD016ecf3974d,1722172895,1735574400
2024-07-29T00:33:59,b620d79029ebfd8ca97ed6b00f982c0ee024fd6c140ac9762f1c0e8bd7f9876d,20406570,0,0x5fb470a20d0646dd84b13F9b11c2aB4CF63fC062,1722188039,1730847600
2024-07-29T00:57:35,5cef6f70c766b4a9c1725e5b215204b4ef0aa41a62b8115df8943c7d70d8f643,20406688,0,0x473FFa6AB954a7A003C554eeA90153DADB05a4E7,1722189455,1766984400
2024-07-29T03:46:35,5d7fe1b3590693c712064b2f45ef4259916787c004ac8c149515a0f61d57d263,20407531,0,0x1C452c133EaE14858A423f5C73A02530C144731F,1722199595,1727647200
2024-07-29T07:41:47,7e5fe0028d7ba4da4009dbc43ee052a0f9a2601d05e1d7da3bacfc620062a1d3,20408704,0,0x4A5De5aA828E776b8Da4d78bF734cf61C91Dd246,1722213707,1722225600
2024-07-29T10:35:47,9869bbfb258ab934fd755f0f9fcf15159c92c3b1667169911285cb003eada0e2,20409571,0,0x0062d6098b1e8186f2695AdBA5164E5d389A9a36,1722224147,1752163200
2024-07-29T21:44:23,84e4bbf7cdf4e30900fac4c28ee49d6d0e49694d7308eda89b060da505f830ba,20412898,0,0x7bfC4E7a310c4053aF0435a85672BB23797B60C9,1722264263,1730437200
2024-07-30T01:04:47,3f69d8b0283c79a0a6e117370ae9b9de81bd5dcfcdcd80eaf2ec35aa282e6169,20413898,0,0x7b093b44a8Bfe3B59edCb59CB0849486C440f96B,1722276287,1753916400
2024-07-30T02:51:59,dddfa777d6a26e8e965bfe90019dd79c11535dea6d7ed4828b8b01d21454195f,20414432,0,0x784d85fdCbc329e9946b20699F7611d5F185C5C3,1722282719,1753909200
2024-07-30T03:45:47,bb2e661b0c330a54cfeded70b3eff51f736b1bc1e1a989c3265475cb25ecb2e9,20414700,0,0x95DA7Beb255809C8681fa315285C04d96C165727,1722285947,1911528000
2024-07-30T03:50:11,131c275aa74c0b2f21b3fd863c3a36816bd44bafb3ddd0b2cc7a5ae44f307e67,20414722,0,0x95DA7Beb255809C8681fa315285C04d96C165727,1722286211,1911528000
2024-07-30T04:00:35,04bc58923119814c4c3367ae6852c648c6589f8ce9e0071235fa29ab36fafa7c,20414774,0,0xCD8eB988F44ECed1EdC2676c49f26cDf73E8A20B,1722286835,1911528000
2024-07-30T04:04:47,37c9fb7c36704054d4995bb0b92b911fd90fc5888044e250a4db3017f24e44c7,20414794,0,0xa654Be58ADc87F9FC378C3a87163B49B57ECAD89,1722287087,1911528000
2024-07-30T04:17:23,fccdbfab1d5d18c5bcd12e86d142045f593d6fbf5b544946a34d18ef2b0f5e9a,20414857,0,0x96DE1571596D2CB1744A4EE1D6127813cb86592f,1722287843,1723096800
2024-07-30T05:09:23,cd25c77730a5f322091b8bff6855cfe8b309a821f0c66b3be928691ad4383282,20415117,0,0xC320e1539f110DFEEb1f70e352E27C01A12c9F8B,1722290963,1835046000
2024-07-30T13:16:11,f3f0ca308b34aac65676d64d6bc88eb6b01cb0010dd0d8c8cc55989a1396db9a,20417531,0,0xB3e8BfFFB4DBb92fa24Db8e8E68406836e2C429e,1722320171,1732921200
2024-07-30T23:31:47,e3f16c3e24e9027a2f837a0498cd93c061a96bc16642187a6b95039cf1e0a755,20420577,0,0xD6f14caf5dB98820628e0acD3e3A7009b96C8861,1722357107,1909897200
2024-07-30T23:46:35,6e635a88686509ba0cc00022c3031e0cee2c3582924055e07382ef479fe46236,20420651,0,0x784d85fdCbc329e9946b20699F7611d5F185C5C3,1722357995,1753909200
2024-07-30T23:53:23,d43f139bed1ebf6b8faa94a006ef12ffa28a4875c5969f55cff3897b878b5e2d,20420685,0,0xeA2935039CFb83C4E4a26ee1E861e9c224206a04,1722358403,1722358403
2024-07-31T01:27:23,7722b42500ea8c8ec5acfcc447238d8760d40ec7a6034a7a86c2d700127ebac0,20421152,0,0x6D1133eb11d8e3249F6f3C5aA0c9C2f7Dc003ff9,1722364043,1819663200
2024-07-31T02:07:11,fd6a2780bdab7a1ecbdce73b8b3c1ae2a31c5864d025a362cc78d2cee352615e,20421351,0,0xAbAB988F59fE22B508bd90e91A3586aEd8932c28,1722366431,1725073200
2024-07-31T06:02:11,82ec03f785b0b7130f259ce5faabb09cc90770710a6ac576144e6c80ac560bfe,20422522,0,0x7B32AdC3e8782d5E52CED9a9747b46D647a3ff67,1722380531,1890757800
2024-07-31T06:44:47,482519cd5e28ad9d1952a08fb9fe78ed00822a76ab347a1570583c86232dc497,20422732,0,0x50763AdD868fd7361178342fC055EAA2b95F6846,1722383087,1785391200
2024-07-31T07:06:11,1ca4ad8217ed1b6267b8e5e0c0041d7fa1e5bc8539c5790aab9f5718cb0ac4aa,20422839,0,0xf74877d9ebE9E9A4ef0B935C94C77392a6405323,1722384371,1751353200
2024-07-31T08:59:11,8617a0c001adccc614a33a786a6e47e79d4ab39243861c3fb5339df92396f8c7,20423404,0,0x53bDE82456403b7366A1Ee566320816a6E596d80,1722391151,1911614400
2024-07-31T09:39:11,69744765ba861d727392fcfa079a0a5f62ee7aeea91184786054e0401387dd2c,20423601,0,0x53bDE82456403b7366A1Ee566320816a6E596d80,1722393551,1911614400
2024-07-31T15:49:47,eb623e09e7e6fba460c746491b3c8366b915478d2b4f39fa7e4dd3134558c324,20425447,0,0x0e546AA045D93176d8e57c1D4472Fe80cc81C837,1722415787,1909951200
2024-07-31T15:53:23,a91147bda8195bdae79f7eb5bfe1bc839a46c2dd8ed99e31ed863b2bfeb085e8,20425465,0,0x951418988b80c87c7420A0AB5993761f87A0240A,1722416003,1744671600
2024-07-31T16:33:59,a2bdbb45b14389b8e51a6b02d1232e5721b8cd3a1d6bc419e2344dc026b5f53e,20425666,0,0xB71E72BdbD2EB7784183c8697De3f869C0De54A8,1722418439,1859238000
2024-07-31T20:46:11,6c026869e6217c60b1e97e71967f8d44184721e99087abee6aaf97bd465d8224,20426922,0,0xaF803C6264a4FE51C44c90Adf42998A506F57102,1722433571,1890745200
2024-07-31T23:04:47,e2be63444e4ec905ac3515bf778648a8dd83427b2333960f2322fa03c630d117,20427610,0,0x76945df4C99a97606D375c1c2e5AA7586Ea44c68,1722441887,1751259600
2024-08-01T01:18:47,b7ab7dbfb2af15ab831d3e8a58605da50398ea483d2acbfc49b54d1549cdc112,20428275,0,0x9d1bdacde1489889F6eD8DE14Bfae9315b32fe6c,1722449927,1765926000
2024-08-01T01:26:47,bc9704ed9defcf6675d9f89f9d481c7555c8bb911ae3ecc139adafab9356cb47,20428315,0,0x7252597761f5d19D1eb514600806FF08444Db046,1722450407,1893474000
2024-08-01T02:00:11,23f249879c0df675ca7e2692f5a021b97b5edd4fc1ed8495bbac984af15e5570,20428481,0,0x7655AE463B45C9B1Eb8bC53e98E2E3d18e4720c9,1722452411,1911711600
2024-08-01T05:27:59,2d5a4c6291ae935720e0f3f92179b3c770233a3e9e8f5254e3ef1e32844c1869,20429514,0,0x60F7a7802c9b7Dcc0b19eD670C2136041dfDc673,1722464879,1910037600
2024-08-01T09:16:35,4510669c307ba90bb5a70587054b25e0f384938b624d31e32ff816df8d5a8fe5,20430654,0,0x6491db65F8AC5380FE06132Cce77372cbbe8da85,1722478475,1767243600
2024-08-01T10:08:59,7d3d043bcdd7280aea48c3602e1586a7fbf4ae9489c0bc273d6c4bd107a70da5,20430913,0,0x9Ac2b23ef7CBA00cCc60Ec666010c04CbB70eBf3,1722481739,1724940000
2024-08-01T10:16:23,e42c99bde53f48b63b1ee4354ef53fa0c5d9b63d431c970924151d986f970334,20430950,0,0xD8bFD88039Fa5dEFc2De71CE20D2D2706c278af1,1722482183,1725026400
2024-08-01T10:18:35,94858379a0125cdb00877b6d380050fa79eead8993c6ee12ad46c558e88f17d9,20430961,0,0x241bAf625872F6D0EFc4d28B6Da7056171d69557,1722482315,1725026400
2024-08-01T12:06:35,59343e0cb69ee828ecec24abf472ac7c94f8b9fbd3b5fbdf3b1d6570fc43c695,20431498,0,0xe4CBFBBD7F3C0d4ecdc1EA384DAa5f73bb65c2E6,1722488795,1848726000
2024-08-01T14:52:47,f15b6013bd9eaf024965757e658c595d7c701f9b66cec4db8bcf76c58a3d1589,20432328,0,0xEbaD634232DF3909BfC6ef86E24B8958C2AF5aa2,1722498767,1907618400
2024-08-01T18:21:59,f90e249db21fe43b27ee9ee83b9cae5583886c6ddd5b9f454c9caf7c03f1a3e3,20433368,0,0xA6e8a2275e7B31d952afFC01230b206a9B2B9D13,1722511319,1817071200
2024-08-01T19:18:59,93d43b4c27cb8ab793f8f705b8246b694ef2f6765130c41a75b611eaa340fc85,20433649,0,0x1f89Dbd75B1AdD2099abfb7BD2375c257507Fa6A,1722514739,1785567600
2024-08-01T21:02:59,3925bd2c30c5dc8db1815181af5beb721f88833abf3e0f8e9a4658731dd7290b,20434168,0,0x49B7b83978f4C1fC4EaD3122c5967e04AfE7d7f0,1722520979,1722520979
2024-08-02T11:32:47,edcdf34aa66dd84a0caf047f0b3afe2a3458f516a9e9d607b2f1e21968b38c7b,20438497,0,0x339E79E530EB01a935aB2aAf9C10a91DC1463c36,1722573167,1722573167
2024-08-02T12:25:47,e0abce806812689c0a809213ee3ebe9f0dc462350091e11d78091c3b57b5c6ff,20438761,0,0x1F06339Dd63F78711532164de493AE05e2b8B4b8,1722576347,1880211600
2024-08-02T19:10:23,4954359c45f53893c931409ad9368faf5c706bc17b792b43ca47d35455f480a7,20440771,0,0xF06eb098183C7239885597d46b6dcFaB1c01c798,1722600623,1911790800
2024-08-02T20:35:11,78ec13e106b05e53b138f704d316b7b839c6b15e64368276b37bd9de8b7e9348,20441191,0,0xB539A809c1624967056c1aD06AfA6f8b5dfcC956,1722605711,1898809200
2024-08-02T20:54:59,b9eb2f1ef81f452d22753ae4c878b85c1ccc72bf1dcff4f328c2734a8953fd07,20441290,0,0x09835eb24ca92A8DC1828b9fef86098f44E63f8E,1722606899,1754114400
2024-08-02T21:00:47,f8ae4ccf15ecc1f20234f63c16591f8dcbbd7292d5ceb5da3c2bb70d92c2db0b,20441319,0,0x09835eb24ca92A8DC1828b9fef86098f44E63f8E,1722606899,1911880800
2024-08-02T21:09:59,4f2ea8d8057d3d03b7cd5870cd4eb2a63b8c102e1274034dcea9a09a5dffe9b6,20441365,0,0x10c4f3f0260fcF457DEABD2201eE1CdBC13E0f9F,1722607799,1722607799
2024-08-02T23:02:23,99579affc41581cf2124de6f0f6a31fb17ac8a0fc1b338c54b8eaa89d2a8bff2,20441924,0,0x35c8939D42668395947CFF6169A01039975BF496,1722614543,1911859200
2024-08-03T10:11:35,be81d3f43a05bc55d8ba602dbe2ab69f21a6d65a6fd10163ccedc01f8e419208,20445246,0,0x9e83CF83D126374ddCf77A7d0E2eb418d3cB1B2C,1722654695,1753977600
2024-08-03T10:29:35,be84e14cff512ed44cb4b5330cb0ab9c61e9fc393444c24ce2f87f2c654dc5f3,20445333,0,0x9e83CF83D126374ddCf77A7d0E2eb418d3cB1B2C,1722654695,1924876800
2024-08-03T19:43:23,7c352971c67b613ec2cd71b66ab08f00d58897eea09794be53287976c3ee5e77,20448090,0,0x6D1133eb11d8e3249F6f3C5aA0c9C2f7Dc003ff9,1722364043,1820440800
2024-08-04T07:24:59,b15dcac78462a78a872b20b283066987e3e06f8e56eae033174338e0d2d509ae,20451584,0,0x2523008f1efD00551ab288f342EFC481286132dB,1722731099,1848974400
2024-08-04T15:02:11,416c4d7e8acc34e38d9d8ae16fc6aeef704d51a3df50fbb25ab5a39e74cfcc53,20453863,0,0x76a95d549Ca36d955Df2c72F693690d8e51a94d0,1722758531,1732921200
2024-08-04T15:03:11,1cb491eabd4c2e91f1fef15fa5a98a6e7de02b8c192935db8c18f24e916ab8ca,20453868,0,0xA27eaA1AFD9560CFD68355a5DE5dcdD7ac31f1d9,1722758591,1722808800
2024-08-04T15:46:23,b2f2f793cb4513dd41fd66f539b7ab629dc25d54abafea7ca7d5d1ef881f7082,20454084,0,0x94180edBA10FFAFdFb1f2E2EfBedf247c199e4A1,1722761183,1759161600
2024-08-04T16:28:11,a6ac15a674342313086e9d2fc4eb9c45f764bad2c416f52ca1529e6b8f26dcd7,20454293,0,0xfFdC9409549f041D9CcFDD1E556FE33bafEBD79d,1722763691,1830294000
2024-08-04T23:48:59,46ee728b66e92fe953b7af40483f4facc5886f2b466ab722affd05c6ae2b2879,20456488,0,0x27AF581FAbF392076F35F5d9B4334cd965249634,1722790139,1753480800
2024-08-05T00:06:35,cd657406c0257e579b6f7ba468f4b8cda945eb09a720d73533c09103595eafd1,20456576,0,0x2523008f1efD00551ab288f342EFC481286132dB,1722791195,1848974400
2024-08-05T14:58:23,b729d90e9e6bd3b9d403787e6b528738267314f421a91105f23e779d5af5c9b9,20461023,0,0x31f7D1215595d92F1A8a9C69143CcF4F72C9434b,1722844703,1722844703
2024-08-05T17:52:59,943c5b52b3ca8ff9d4dc4cb9939fe474dcd6a62c841fc0d367514040d648ad01,20461890,0,0x2523008f1efD00551ab288f342EFC481286132dB,1722855179,1848974400
2024-08-05T21:54:11,0af0c16032ff951c8baeed304b4f2696196d1a83420ce482fb0eea16f2b35b80,20463091,0,0x3A494A82543F6905F1dF59B410FA21d661C07149,1722869651,1754028000
2024-08-06T03:22:47,80380d8495714d49a7a0a428243bab5d5decf49a8db1e175f41553434c7b4044,20464722,0,0xCC298D2D64118C7B59A1385918982DdF91F7f81c,1722889367,1831014000
2024-08-06T08:33:35,d49ec91724bdc2f85453625898b7917f77ab5e81feaa1dd93e82d114af63af85,20466272,0,0xb3c1C4C5C1223BE2d3e99C75FAbd1D4206E05f67,1722908015,1895810400
2024-08-06T16:17:35,3594267e9ccf7f1b5e87090aa20baa321830ffe8a1f13a56d49d74b9d32d7bc9,20468581,0,0x029d6EF0a52c0fFE72BEe8f709AE7EF40760a43b,1722935855,1798585200
2024-08-06T20:05:11,d6ba45ad284d10ffefa1d563a573a08b89041a873d43207c9deae203cfa347a8,20469715,0,0xD21a12B3fb7E8C622de672e2647627393Cd530d4,1722949511,1725055200
2024-08-06T20:11:59,1e5703655a29714e12fb46a7c4a6a4b2be1c3995aa169dce4e9e05fb4335aef6,20469748,0,0x612f100a3fA6Ee057EB2213a46AEA61EBd3bb94e,1722949919,1788235200
2024-08-06T21:29:35,bd18f8e4b6b4814a3aaaf3701bea5e02c8536b2e7b1fc01e23d32de37e7b84f7,20470133,0,0x77C475f3a725F4522252f85B2DCec6c57be21eD4,1722954575,1865340000
2024-08-07T04:19:47,1e7804880f8225f0b48deab3fda8577b81fed05b7859ad37c4c10662789aec36,20472172,0,0xe6d02bEb6854d1a1dA0438d7DeBf72d7F3070fA9,1722979187,1722979187
2024-08-07T04:53:47,45d8bd49f6874f1bf01a1eb6df07fe6b4180923ec90d3f434dc247e85bd35067,20472342,0,0x60F7a7802c9b7Dcc0b19eD670C2136041dfDc673,1722981227,1910037600
2024-08-07T04:54:59,bdd20501e3c45c1fadcdc0f66af5eea2ff914143d1b9e954f1eaea7d3fdbef2d,20472348,0,0x60F7a7802c9b7Dcc0b19eD670C2136041dfDc673,1722981227,1911247200
2024-08-07T14:22:35,cac12b7628a40bd20bb2cf9ae77834530d19d3ad1ea1d4d9d63b85210f9215c6,20475173,0,0x31f7D1215595d92F1A8a9C69143CcF4F72C9434b,1723015355,1723017503
2024-08-07T17:26:11,05945afb105b710bf21bf93e8fc12199ad486b52582d74798ccffb2c842fe09b,20476087,0,0x21fE4c0F4F40915074aD76cd38ec940951001b59,1723026371,1725249600
2024-08-08T00:07:35,4f772d5b21959e306a86a6f38307094f9933334067fbbc569b691461780edaef,20478085,0,0xECcF68BBc883578725DB76c864e3aAEEE1512Bd7,1723050455,1723050455
2024-08-08T03:16:35,0070dac78ff05305806cf1996eeebb437518c5e5868d141628e7f5abaf7accd0,20479029,0,0x1f89Dbd75B1AdD2099abfb7BD2375c257507Fa6A,1723061795,1785567600
2024-08-08T06:16:59,88becdf96bfba326e011391206a48285cea0f7476a196a02cf4826ad806049b4,20479927,0,0x1f89Dbd75B1AdD2099abfb7BD2375c257507Fa6A,1723061795,1788246000
2024-08-08T07:28:47,4c25cab298ffd62d0e1936a5bc18fcf74c4deb46616489bf5d21d787a9e62d8a,20480283,0,0xc7Dc0d105350Df9f0faA903573Ef2da629d40BF7,1723076927,1723076927
2024-08-08T10:02:23,7fb2fbae09642f65822fdd7dbe1d4a89105a8a2597d0d1459135c00235ea165e,20481049,0,0x180ac00C2170271624928833ee93D6117a2F63A6,1723086143,1754611200
2024-08-08T12:57:23,b7bdd255eedb657c1e7da026e0911a7d401344d5eedd43a340b5fb4d53835a35,20481918,0,0x44d9b2ba24cdF49d31F508741740f906789fb0Fa,1723096643,1754722800
2024-08-08T13:25:47,489ada93aa596c516fa6348462df3982e54f1039be099d28d504c3d6f0bc30e4,20482059,0,0x6DA4F71B711F5aD79966Be9360Ee1dFD2289939a,1722832763,1746025200
2024-08-08T22:45:23,03af1bd7fbe40b420b0447e9278d7f1e1a8b914a2635cfada009e7687ba09f27,20484848,0,0x8e238fA3498A5e39ca19FBbEF2ca9b6c5F8e89AE,1723131923,1754607600
2024-08-08T22:56:35,8f4962e73b3df2fb4d7197cdb888fcc6246da4ccda1df57084428bbb38e6ea96,20484904,0,0x678bC3C5811f2A2F8F411b3be3842173104F2EA6,1723132595,1723132595
2024-08-09T00:11:23,497139b29d4f147e62036551fa397dd90628868d23a311b807909fae5069ef00,20485278,0,0x9aDDC7E9841cF0B8Ce20c7a8FB31b165f1CA24DE,1723137083,1723154400
2024-08-09T05:46:59,b4a0695595dfff5dc87c04eac6d16821b69189839f2355a6117293a61f999834,20486953,0,0xE26C6Dfa76187cCC5034987ce6865738edbB109D,1723157219,1723157219
2024-08-09T06:23:11,db8f51794d339c8c1ed82edf6538cbfbaec4601a2562833592fd1d18e6cf5da3,20487132,0,0x8e238fA3498A5e39ca19FBbEF2ca9b6c5F8e89AE,1723159391,1754607600
2024-08-09T11:19:59,88b89497668b66f52fe3bef41f2c771f9fc8de8d3479eaf7952687b6ccaa6f32,20488611,0,0x5C9E2A6fEc34b510996a8e2a3d1e2c47A382a8b9,1723177199,1723177199
2024-08-09T13:14:47,b49144e8139f2d66de0887576d4556b4e20688059b6b29d6e7c50f8f98e2dd83,20489183,0,0x67828EBC51b9e82220Ad96cb6a1fe4FAff2601D5,1723184087,1723219200
2024-08-09T13:16:59,464b3e5e575bcfb55e7bf9d41fb29219ea2361d6a86a428d3ac614eea5d4fbc4,20489194,0,0x67828EBC51b9e82220Ad96cb6a1fe4FAff2601D5,1723184219,1723219200
2024-08-09T20:44:59,e95ae478a70ea5dcbfd947b991c6328629848f9619d23511b6c74d0b94c15d5b,20491426,1,0x62aF7c48Cf412162465A8CaFdE44dFb17bA96038,1723211099,1872935014
2024-08-09T20:59:11,62103a8a4e053b930666dea7bc0954568a7dc24d4714963dbf9fd1910bd3a238,20491496,1,0x256cfAE8091aeF65EF77089CF717571D3309ae0a,1723211951,1786283582
2024-08-09T21:37:11,efc67e10a2d43fd11d0089432aa488e37dec4f3eb913f8ff1cbbcf2bc41fc8d5,20491684,0,0x43E486691F4d53bA08CF286A77421Ebd507944EC,1723214231,1893448800
2024-08-09T21:43:59,452e45f56c3199c7998198875b16def692f743b9c34468f7fce6d780cb8faae1,20491718,1,0x534cf100B3F47115cd6D3C4C69486F89384fE517,1723214639,1857570137
2024-08-09T21:46:23,5268c0d881a63583df53a0b0c4239d0f6536bf848aff8ce1a3c5b7c53859e2e3,20491730,1,0x8cFF61B67f2e7725Ddb006Ac4e1456F3FB441530,1723214783,1825602137
2024-08-09T22:07:35,2d04c0e9bf470eb7615ad74e5f2b2263eea1c1a0db59fdece4b1c7855d2798d1,20491836,1,0x331Ba94E49DB85eD325D8dEf77f4F21ACA640295,1723216055,1984578662
2024-08-09T23:28:11,abc594ffbfe0c518d5496097c8865b7e6d24afb7e8ce5674723626bd3c157994,20492236,1,0xe27458C8Bb3D9Bf298BC8FE47F0Cfab40bc45963,1723220891,1779812783
2024-08-09T23:54:11,b9c6d0d94e09e509fce35d0ba076d19c50a72ab07739a1fe2453b426a1e9b883,20492365,1,0xEb4E7939C3bCC0635b8531e3C0a6bD42de95cfeF,1723222451,1765811371
2024-08-10T00:25:47,d9b081c9637527baafeceec50af22ba0783858d13a9bb4361ccae7f8f0f329b6,20492522,1,0x4938f6a77548907AA942F959C8b7Ce1cAEF6B483,1723224347,1751209771
2024-08-10T00:29:35,3a3fb420523d1efd28e4a85fd9d31f17b866819846221d08c418d347114972cc,20492541,0,0x678bC3C5811f2A2F8F411b3be3842173104F2EA6,1723224575,1723305395
2024-08-10T00:55:11,94c15b659d7cb3d6cbdb5c613de7245c4e2d913fb9ba17c08dbc19a90cba2195,20492668,0,0x007F0Ac8Aec5C4f1099AbB4f4200CC38fCe91d26,1723226111,1723932000
2024-08-10T02:36:35,c843fcf77fa273c73bd88c7ec3b0145a8f7bbf8638de1b23aae2659a00b85b61,20493174,1,0x0A1B78004Ab0254967855f6c60230f350757043a,1723232195,1849376053
2024-08-10T04:55:59,0904cb0d557a89cf7be215a40e9d946cfd69e1a4212be7068f7dcb31fab5e783,20493869,1,0x0Ba7a85Af6323686a1fE29423bd72c2ce81Fe923,1723240559,1912455340
2024-08-10T05:13:47,d21e3a0182c42a11f9699d9edd4912b3f2f7a2bc0e183bfee53df734e8687862,20493958,1,0x0Ba7a85Af6323686a1fE29423bd72c2ce81Fe923,1723240559,1912543988
2024-08-10T07:28:35,ccf652751112aaa3b0a0a8cfee0926225f112c69366e77570e9a87849a64a8c8,20494626,1,0xae855e324087A34E96bB9127d2e17c1A12873020,1723249715,1844209610
2024-08-10T09:29:23,2a81e4bcd59a84ce83dc9c9b6a135441678f78b455743fcb457f89a3e96248c9,20495229,1,0x08f342A971aBe964eb73701b2FF5422b5FDAF5C0,1723256963,1912471333
2024-08-10T10:34:23,35c48bd6d92e57c1983ca78db4250908dc9c59907fe57a8f0f0c6a269b671249,20495552,1,0x298a247D7a265BF9e904545209254e4777e531C3,1723260863,18100000038
2024-08-10T23:04:35,0bfe9a0a25a2a26afb58b182c3d2ec13de4db0f5b4b190d7022b9281d4a687bf,20499287,0,0xA0Eac5D90Be5e6346B22895a207d49FBe9711447,1723305875,1723305875
2024-08-10T23:37:35,2720fd68a376c508f131175cb09f5a006a5ef1dce949a672f15facd10d4de14c,20499451,1,0x20c08e787835c2F0BC7F273EF22A46FF2fd69cB5,1723307855,1912523766
2024-08-10T23:49:11,927be85c8d983ba29ac874e96af6ecd85abd4f91b3c381528a21bde6c3fffabe,20499509,0,0x36F09895733A3bA1C0562239d91A23E4aE126FA2,1723308551,1911614400
2024-08-11T00:15:11,fe683d8ec7cd74eba2842d70a8baccdc7b90c933a736bc9db227ed989db8ffe0,20499639,0,0x678bC3C5811f2A2F8F411b3be3842173104F2EA6,1723310111,1723391795
2024-08-11T05:09:47,f55d2445a71911fcb7e329f99a794dce7a5e32a2c0028157c51dde6bc757738a,20501109,0,0xA8C0955B4BE071d5427c0457F066741c3b9c0F74,1723327787,1723327787
2024-08-11T05:22:11,f4ca6205188b8f61b97827eabdaa9368e5ad39a25a3c7b9917641dc3fdb01357,20501171,1,0xc6E0D2162eA3a8a040455Bd471e925F184f1b4da,1723328531,1912543376
2024-08-11T10:04:23,a7acd25ad95bb8a550e509a3c9469c919f3d4bcaa6d2a4c9b96a40c7e1b423ae,20502568,0,0xaB07908a4b21B2828CFF2ef17A6d5878B91f02c3,1723345463,1761980400
2024-08-11T10:35:59,5478ebcb8e08ba69516b54508f8719242ca7701b9cd3d192264a98b5e2d284a5,20502725,0,0xDA0dd4BF5221fCed9eCb3096A55f6C0D40d1F732,1723347359,1759302000
2024-08-11T13:16:35,bb9b9d34b0d2879f9024eb842fbf4383fa9dcbf157f8b947d4b191244b1cff87,20503525,0,0x1516C6D5a38A1e2Aab18C11A53244c192bD30b5A,1723356995,1726815600
2024-08-11T17:18:47,8085612b3e87baf2f2d1e4720a3842eb0ab132d9dff784a5d2fbec5e2ef2ad5e,20504727,0,0x0d8abe2275c9224b5849b41E2A1a215f4FfAFe36,1723371527,1734537600
2024-08-11T17:28:59,477f679cc138e7e2be88c526ca1e68e2a3420547968b560e3d33aadccfdb0441,20504778,0,0x93d292c62CB648B61064A523948250293DBd656d,1723372139,1723372139
2024-08-11T17:45:35,fd3dcf37b8c6a221f5a35228f3be93d46e62016199fc46e14dc5714a27f2c8b0,20504861,0,0x93d292c62CB648B61064A523948250293DBd656d,1723373135,1723458539
2024-08-12T02:44:35,fb34dc052767bd46e625dae685995cdaa5cc9544a107b64ea13bc002ef39d9be,20507540,0,0xB9ec99bFb08e2B3e63d2309F1F350c7E6B5591A1,1723405475,1812686400
2024-08-12T03:12:47,521b93e1c9423146f05010cc4a658436943dae710d12569e67af770e492450ed,20507680,1,0xeB25C57E67BDe01f58ca5056e8A3aE16B2bDB8B7,1723407167,1912622946
2024-08-12T04:19:23,c987a49c75124874c89eacb64715d83f92fc5a6a35ee7b9ac74886930fb7140b,20508011,1,0x1002155825193612e972920338cF7C7bFcC15625,1723411163,1975871872
2024-08-12T04:47:23,1871dc35d276f1d60e71cf9aee31ae508f013cbc98ccb937f489a3b251ac5893,20508151,1,0xACf95647C72ffFc30B91676C414DF1df9DfE180b,1723412843,1754948619
2024-08-12T10:23:23,7547896212a8f744c91f44248308255ba30908888d4c819a0f451bfc452a2e5d,20509824,0,0xa7255773aCc951850348E4885E8E6433d8101980,1723433003,1725076800
2024-08-12T20:53:47,aed874abea29271d92319033b5bfda1953fd1634882880f744c0c8ae90fbd098,20512955,0,0xba15E9b644685cB845aF18a738Abd40C6Bcd78eD,1723470827,1723557600
2024-08-13T00:24:47,484e88c12f2c7866bcd513304419ed61f7bf05e91d3a353eaa05cb541fa27705,20514008,1,0x2Adb069F346E7DF42Db04f3f10005F5180e410E3,1723483487,1754031600
2024-08-13T00:35:11,08d34883e26a2ca93c2d878d02d79f1511b7cf0e47d77b7f583a6da8cd76d6ca,20514060,1,0x2e84B79dd9773d712f9D20a98C4ee76541B9533D,1723484111,1912700066
2024-08-13T03:14:47,e11613719007fb0c4b65b322780671858ac5d21e2a27178d0a830651626b6d66,20514854,0,0xA8C0955B4BE071d5427c0457F066741c3b9c0F74,1723493687,1723493687
2024-08-13T03:56:35,227618e2226588378c735597f942877417b5afce290d6ae50290f951729ac521,20515063,1,0xf77609476f217333Ccc6f4a057B754d474512734,1723496195,1739051021
2024-08-13T04:07:47,b74060b258bf0fa0793cf5dcc013737b5dd3290a4995dc8bdd3ab69bc57485b7,20515119,1,0xf77609476f217333Ccc6f4a057B754d474512734,1723496195,1741643021
2024-08-13T12:17:47,1991adc4a64bd801a07b44830fb92d266b8e09ff291bbafb8ce1cedda631401b,20517562,0,0x51fD44BA77B3066949B874f24C374819eF78809a,1723526267,1765731600
2024-08-13T14:45:11,4b5d95a2075ebdc2bd43c64808168cebd5102fb161b20e3965e03eaa46ea6c93,20518296,0,0x555E31229cbdBA237442AF5f2B4B0593E4c69c98,1723535111,1724083200
2024-08-13T15:54:47,0c8e4d7e14ca7e146ed56cf893f625766cb86d71040c8e90dce7a3dbaacdf165,20518640,0,0x6F3A86a0FD7aAFa0b679d4DaC8ea7DfcCCe383ab,1723539287,1829602800
2024-08-13T17:52:59,e3b30631b260fa66b949e8683d8e9e8195f6e4b5fc451ba24393a4643ab8eb8a,20519228,1,0x70305F11944ba4622ce0AE2e4D9D8023f54CeA85,1723546379,1771069392
2024-08-14T03:18:59,b33c56e6059b69d7628f1e31b20eb1b9c7671d7cf1629b52757be7abaa2d6226,20522043,0,0xF8739664676BF97d16C7d1f0033132317b9b3485,1723580339,1727409600
2024-08-14T03:28:47,3d18437bc9437aa181415614c780ef8a40df0d786bc96890565864ef2c1788de,20522092,0,0xF8739664676BF97d16C7d1f0033132317b9b3485,1723580927,1727409600
2024-08-14T06:06:23,6f2bd9c9183007bf840e6ae1e845cb17dda763dae727f3b44f2c446b2f20758d,20522879,1,0x00E79c45a4a0ecfF1CE3027533952E2AfE804E68,1723590383,1723590383
2024-08-14T06:06:23,6f2bd9c9183007bf840e6ae1e845cb17dda763dae727f3b44f2c446b2f20758d,20522879,1,0x01f91EfB822164e807C7BcBc3C40C4484263dFD8,1723590383,1723590383
2024-08-14T06:06:23,6f2bd9c9183007bf840e6ae1e845cb17dda763dae727f3b44f2c446b2f20758d,20522879,1,0x0727eEBC54866A528CE803111AB063632B23d6Df,1723590383,1723590383
2024-08-14T06:06:23,6f2bd9c9183007bf840e6ae1e845cb17dda763dae727f3b44f2c446b2f20758d,20522879,1,0x096904182208dFAeD937361ae83d45De5A1f4c9C,1723590383,1723590383
2024-08-14T06:06:23,6f2bd9c9183007bf840e6ae1e845cb17dda763dae727f3b44f2c446b2f20758d,20522879,1,0x0e50f6bc9691BB5c56eA4775322b177b655805c0,1723590383,1723590383
2024-08-14T06:06:23,6f2bd9c9183007bf840e6ae1e845cb17dda763dae727f3b44f2c446b2f20758d,20522879,1,0x0f6a588fB0e26cE8507E0627EE725815DB07075D,1723590383,1723590383
2024-08-14T06:06:23,6f2bd9c9183007bf840e6ae1e845cb17dda763dae727f3b44f2c446b2f20758d,20522879,1,0x112Dcffa3856a19DA23Adf707D58A49fF319832B,1723590383,1723590383
2024-08-14T06:06:23,6f2bd9c9183007bf840e6ae1e845cb17dda763dae727f3b44f2c446b2f20758d,20522879,1,0x13BE94D156eCDDbC7a4367762cB9ea0326D910aE,1723590383,1723590383
2024-08-14T06:06:23,6f2bd9c9183007bf840e6ae1e845cb17dda763dae727f3b44f2c446b2f20758d,20522879,1,0x14C466480EE6d3388885FFAA850262B3984F76e1,1723590383,1723590383
2024-08-14T06:06:23,6f2bd9c9183007bf840e6ae1e845cb17dda763dae727f3b44f2c446b2f20758d,20522879,1,0x1E204cf66B3623AAE9983676f6EB76c4F899CD8c,1723590383,1723590383
2024-08-14T06:06:23,6f2bd9c9183007bf840e6ae1e845cb17dda763dae727f3b44f2c446b2f20758d,20522879,1,0x22E0225540ccf80aB3C4F029F3dE75dB785754A3,1723590383,1723590383
2024-08-14T06:06:23,6f2bd9c9183007bf840e6ae1e845cb17dda763dae727f3b44f2c446b2f20758d,20522879,1,0x2342A84Cbb0b5bD5069c3cCaD3347E416167D217,1723590383,1723590383
2024-08-14T06:06:23,6f2bd9c9183007bf840e6ae1e845cb17dda763dae727f3b44f2c446b2f20758d,20522879,1,0x33Cc621efF70C8a87538C703dC193417E3ee58c4,1723590383,1723590383
2024-08-14T06:06:23,6f2bd9c9183007bf840e6ae1e845cb17dda763dae727f3b44f2c446b2f20758d,20522879,1,0x3918Ea5D90bD8B0C67a3a71819B7eF46089F6AAe,1723590383,1723590383
2024-08-14T06:06:23,6f2bd9c9183007bf840e6ae1e845cb17dda763dae727f3b44f2c446b2f20758d,20522879,1,0x3B438cc593d579627089F0d99bc5f0BB5151c6Ce,1723590383,1723590383
2024-08-14T06:06:23,6f2bd9c9183007bf840e6ae1e845cb17dda763dae727f3b44f2c446b2f20758d,20522879,1,0x4Be31166d192e6dDCd4d01459A629158F08645f3,1723590383,1723590383
2024-08-14T06:06:23,6f2bd9c9183007bf840e6ae1e845cb17dda763dae727f3b44f2c446b2f20758d,20522879,1,0x5160E91cD5D6b8c3cb5103bE4C470eaC6f123f03,1723590383,1723590383
2024-08-14T06:06:23,6f2bd9c9183007bf840e6ae1e845cb17dda763dae727f3b44f2c446b2f20758d,20522879,1,0x5AC99845F4cA036Fe51b9944f87C746e995ED2bB,1723590383,1723590383
2024-08-14T06:06:23,6f2bd9c9183007bf840e6ae1e845cb17dda763dae727f3b44f2c446b2f20758d,20522879,1,0x5C3a6a9167d4f2839115788af81A46E54218913B,1723590383,1723590383
2024-08-14T06:06:23,6f2bd9c9183007bf840e6ae1e845cb17dda763dae727f3b44f2c446b2f20758d,20522879,1,0x5Dcf48ee34eEfF64364937BB42CAC2170675e9cf,1723590383,1723590383
2024-08-14T06:06:23,6f2bd9c9183007bf840e6ae1e845cb17dda763dae727f3b44f2c446b2f20758d,20522879,1,0x60407535C9091136cd3c02cF19e6aEbd6caD9B80,1723590383,1723590383
2024-08-14T06:06:23,6f2bd9c9183007bf840e6ae1e845cb17dda763dae727f3b44f2c446b2f20758d,20522879,1,0x63AE77cCa59BbEdCbEe3F88C51231056e7f9929C,1723590383,1723590383
2024-08-14T06:06:23,6f2bd9c9183007bf840e6ae1e845cb17dda763dae727f3b44f2c446b2f20758d,20522879,1,0x64aB766e8e191Da39077F397e719c2d7972A884E,1723590383,1723590383
2024-08-14T06:06:23,6f2bd9c9183007bf840e6ae1e845cb17dda763dae727f3b44f2c446b2f20758d,20522879,1,0x6A7D9B0A21649C33B019baEE7DaC5ac358147F86,1723590383,1723590383
2024-08-14T06:06:23,6f2bd9c9183007bf840e6ae1e845cb17dda763dae727f3b44f2c446b2f20758d,20522879,1,0x8325C13c1901b38cdC095170767d9d0A3B8Ebd81,1723590383,1723590383
2024-08-14T06:06:23,6f2bd9c9183007bf840e6ae1e845cb17dda763dae727f3b44f2c446b2f20758d,20522879,1,0x8388298D1B9601CE2da78127605570b4878f2cFa,1723590383,1723590383
2024-08-14T06:06:23,6f2bd9c9183007bf840e6ae1e845cb17dda763dae727f3b44f2c446b2f20758d,20522879,1,0x85315CeBaC3A6Fe8eDfaa42f10B7Edbc0062F548,1723590383,1723590383
2024-08-14T06:06:23,6f2bd9c9183007bf840e6ae1e845cb17dda763dae727f3b44f2c446b2f20758d,20522879,1,0x896C20Da40c2A4df9B7C98B16a8D5A95129161a5,1723590383,1723590383
2024-08-14T06:06:23,6f2bd9c9183007bf840e6ae1e845cb17dda763dae727f3b44f2c446b2f20758d,20522879,1,0x8bDC371BC128745fB905E530A64A7A246f4c3965,1723590383,1723590383
2024-08-14T06:06:23,6f2bd9c9183007bf840e6ae1e845cb17dda763dae727f3b44f2c446b2f20758d,20522879,1,0x8bfA2307C282f114F4F3384FE88957EB4ED47588,1723590383,1723590383
2024-08-14T06:06:23,6f2bd9c9183007bf840e6ae1e845cb17dda763dae727f3b44f2c446b2f20758d,20522879,1,0x922b5F9034Ad994aB74E6499EeC30d29860A86dF,1723590383,1723590383
2024-08-14T06:06:23,6f2bd9c9183007bf840e6ae1e845cb17dda763dae727f3b44f2c446b2f20758d,20522879,1,0x9bB5fC1C56eaabC4bfA0A37398D397A956354AfB,1723590383,1723590383
2024-08-14T06:06:23,6f2bd9c9183007bf840e6ae1e845cb17dda763dae727f3b44f2c446b2f20758d,20522879,1,0x9f609eED8f0C224CaF57E9bCbb230A7E04b534fF,1723590383,1723590383
2024-08-14T06:06:23,6f2bd9c9183007bf840e6ae1e845cb17dda763dae727f3b44f2c446b2f20758d,20522879,1,0xa95ef910672541c897E4cC2C76E8e68F9aaD00E8,1723590383,1723590383
2024-08-14T06:06:23,6f2bd9c9183007bf840e6ae1e845cb17dda763dae727f3b44f2c446b2f20758d,20522879,1,0xb3c1C4C5C1223BE2d3e99C75FAbd1D4206E05f67,1723590383,1723590383
2024-08-14T06:06:23,6f2bd9c9183007bf840e6ae1e845cb17dda763dae727f3b44f2c446b2f20758d,20522879,1,0xb3D5521Be87De21dB5CBCDd6752339a2CaA17b8C,1723590383,1723590383
2024-08-14T06:06:23,6f2bd9c9183007bf840e6ae1e845cb17dda763dae727f3b44f2c446b2f20758d,20522879,1,0xb50F30E4363FEB8A0C6BD533b8E840E9c4e2e515,1723590383,1723590383
2024-08-14T06:06:23,6f2bd9c9183007bf840e6ae1e845cb17dda763dae727f3b44f2c446b2f20758d,20522879,1,0xB9075632cE259E5ffE6cB693845f66cb1826A527,1723590383,1723590383
2024-08-14T06:06:23,6f2bd9c9183007bf840e6ae1e845cb17dda763dae727f3b44f2c446b2f20758d,20522879,1,0xBdCfeB717DeAaae0aEAA1D4c80c4E46C9231063f,1723590383,1723590383
2024-08-14T06:06:23,6f2bd9c9183007bf840e6ae1e845cb17dda763dae727f3b44f2c446b2f20758d,20522879,1,0xC3B82270Db1b77B4bE28a83d0963e02c38A9d13f,1723590383,1723590383
2024-08-14T06:06:23,6f2bd9c9183007bf840e6ae1e845cb17dda763dae727f3b44f2c446b2f20758d,20522879,1,0xC4ba2bB098Aa3bdF9e7b78b66e84DbD99Eb9b000,1723590383,1723590383
2024-08-14T06:06:23,6f2bd9c9183007bf840e6ae1e845cb17dda763dae727f3b44f2c446b2f20758d,20522879,1,0xC89ebD3F1100daEeb0f34bf3996fb7bea17465f0,1723590383,1723590383
2024-08-14T06:06:23,6f2bd9c9183007bf840e6ae1e845cb17dda763dae727f3b44f2c446b2f20758d,20522879,1,0xDca583bc7a8CFC87fC3D0a68F4D6D00582eccE28,1723590383,1723590383
2024-08-14T06:06:23,6f2bd9c9183007bf840e6ae1e845cb17dda763dae727f3b44f2c446b2f20758d,20522879,1,0xe36B28c72C1F7f8a4D87cA5d64B63233875173a4,1723590383,1723590383
2024-08-14T06:06:23,6f2bd9c9183007bf840e6ae1e845cb17dda763dae727f3b44f2c446b2f20758d,20522879,1,0xE4708c48B2E1FDee9DD60A08F3E89aee45B93906,1723590383,1723590383
2024-08-14T06:06:23,6f2bd9c9183007bf840e6ae1e845cb17dda763dae727f3b44f2c446b2f20758d,20522879,1,0xEE9ee410689eBe27A6285A9766B1d041394332Fd,1723590383,1723590383
2024-08-14T06:06:23,6f2bd9c9183007bf840e6ae1e845cb17dda763dae727f3b44f2c446b2f20758d,20522879,1,0xf9396a11A1Db5662d2DBdF6d6e7Ca8bdb12bB11B,1723590383,1723590383
2024-08-14T06:06:23,6f2bd9c9183007bf840e6ae1e845cb17dda763dae727f3b44f2c446b2f20758d,20522879,1,0xfF68a6407CFbf3618e9ABB2905F8F65Da3A2c1B2,1723590383,1723590383
2024-08-14T13:56:11,7c23946e4d62bad56a6e553d5fd1e3c6e70776cba8bc6f25116f1a68ff56ed02,20525216,0,0xa66DaAF3e6736CcE993b56EceD596512a7911dF8,1723618571,1723698000
2024-08-14T15:50:35,073f3e67c703b7043554f98693c5b284f826700d9757a79ca991922860a952dd,20525786,0,0x21C3467667E57CE22E260552CAd1d94c57C7B355,1723625435,1723625435
2024-08-14T15:58:47,bc651c9323b2986314f0f30752e24614e94bb785cbf4aec389c3c3cc00e001d6,20525827,0,0xed373CEe13Ca5A76526BA8F8830455b0a82441e2,1723625927,1723625927
2024-08-14T19:54:59,64584bca8ccf1718d8749bfbc113b30168ec72adf5e76469d898957f15dece22,20527003,0,0x801ba1951C51D0cc744C8D372dca682A88266D9b,1723640099,1738944000
2024-08-14T20:06:11,c334b1e709a41307a13b3079d3670726b2aa30140d34f782ddb445a6c8d5ce25,20527058,0,0x2Adb069F346E7DF42Db04f3f10005F5180e410E3,1723640771,1723640771
2024-08-14T21:31:47,f9bc9f37b6b3daa444b7d4116eefbdfeb0de25e03c32fc6a0dc4d806408da0fb,20527484,1,0xf77609476f217333Ccc6f4a057B754d474512734,1723496195,1746108580
2024-08-14T21:32:47,ea99ae894a34ceb5c7071028d0895ddc75662642e0247c829c696095a10238ab,20527489,1,0x8C08714e5EC2b6A14a7Ce342d88B8F56Cc6b2063,1723645967,1746108580
2024-08-14T23:20:47,4a119b9adf8045f86821ba01192563484d7b16e910099029ca8f3a95dad3fb85,20528026,0,0x22Bb43c9CE4e2Ee630291530f6eE1A890c3F42C2,1723652447,1727236800
2024-08-15T00:56:47,8e706eefdc051c223dc9ae1ab4934997dad8beeb0fdbab8dd7f2862b60184b43,20528503,1,0xb3fDCCE55C5452F9E9F9dd7713a4B28dAae90bc3,1723658207,1755194177
2024-08-15T02:43:11,59f975a2cfe1a1cedcbe628c9894999ccd84c42094ed84bcd35fd00b31aa1b2f,20529033,0,0xB5C327EF90eC4Ed329321D0f5F30294289B94560,1723664591,1893474000
2024-08-15T04:54:59,e801bb511b3a649f6a24432db146bd5a6279cdbbc841da1d3e6859e39feec561,20529686,0,0xa6c44c91eC73967F86d9097571000927d3CFE3d8,1723672499,1819688400
2024-08-15T04:56:47,29e3334e886f44251c85cd43f6559ba3a8dd1bd46c38c85eb487f587a638d92b,20529695,0,0x3312D22F80CFE19E9b9A404b7244751B85ffEf51,1723672607,1793509200
2024-08-15T04:57:23,764609cb4e33ad05727394f128bfb07ab2fc26b5b47ca04f012828297db22f91,20529698,0,0xc12425a4CaA25166a12C2ED4faCdA99910B09735,1723672643,1761973200
2024-08-15T05:58:59,74194a775d540ebea1c15d27715b2858b6c2b68686680587191ef15473d1fb56,20530006,0,0xb7c42442fF80E79e36F841BCf67AbdBeD2889321,1723676339,1786665600
2024-08-15T07:21:23,ff03e7e62cf86f1e40b1bc211958d437ea011ef3402c9d95fc8af995d1557ec2,20530415,1,0x6E48Adc8C660B6eb83aBFEFC918f19604bbcb89A,1723681283,1786752796
2024-08-15T12:20:23,7c38341850388e95f53484381558e94b756ccd722033f644ba9052c4de713bb8,20531902,1,0x688E2BbB61F8F5Fa9d32D84eCcB7D489185b6CF8,1723699223,1723699223
2024-08-15T12:20:23,7c38341850388e95f53484381558e94b756ccd722033f644ba9052c4de713bb8,20531902,1,0x22E0225540ccf80aB3C4F029F3dE75dB785754A3,1723699223,1723699223
2024-08-15T13:47:47,0098d69cadda8550e23e80aa6374e9cc8c5e7fa278a40b39ab9afc8152721615,20532335,0,0x066AE24ABa80760847e676De1C09e57D3E7BC90f,1723704467,1723704467
2024-08-15T16:11:35,b013fc621f8c2419b3d0469a8945ebfd94e9fd20f103b128c999c4eedeaf4ed5,20533053,0,0xD383eeeb6912036f36D0D1878E2deC6DD3EB80ba,1723713095,1727668800
2024-08-15T16:50:11,f6da78f251d5c654414eafc574857cbf36d27710def7a78a50fee714e6a920b6,20533244,0,0x47A127f496d001f187Ac65FC24852274Dc51D080,1723715411,1723715411
2024-08-15T17:22:47,8b2c10f0df19616ccddbea0e689c0062b053cbed7385a3e1ebb8db1a7aed78b1,20533406,0,0x949b82Dfc04558bC4D3CA033A1B194915a3A3bEE,1723717367,1723717367
2024-08-15T18:30:59,d6e24a95c1d01a3de4884ab9f4ce9ab3996ad46971d04e07622b410fd81d0e3b,20533747,0,0x0f88533fC0b2e1C01b693869B6f53b99c284a80F,1723721459,1755378000
2024-08-15T22:44:11,2c5c73cece92c9000789ab169331006249ef8f0eeec00590c6fa32ba9b18a53d,20535004,0,0xA8C0955B4BE071d5427c0457F066741c3b9c0F74,1723736651,1723736651
2024-08-16T01:40:59,cf84cd53a8e0cc9caeab4fe9d676d367ce40ee95b67eb8e1148a1cfcf0794f25,20535879,0,0xF0268A2d2250A03423cbAEE387F22fC38D0e0a31,1723747259,1723747259
2024-08-16T04:22:47,604fb0d5d9428db47de9383c6f32cf287dd34358b6efff026202916e062163d3,20536683,0,0x972e4394327f20C2c35758486212C9C85c02075d,1723756967,1727766000
2024-08-16T06:42:59,1e228a99194e797dffad103774a2917aaa35af6d71c9e1805782c7d324d9e865,20537377,0,0x6813EEA6d79F923F03fc895b6b735D2B672181Ca,1723765379,1723765379
2024-08-16T06:52:11,845e47a2492ce43c65e4af42ccd8582c8425fa0c4db5c3042147b9a2a4326583,20537423,0,0x6813EEA6d79F923F03fc895b6b735D2B672181Ca,1723765931,1723851779
2024-08-16T07:20:59,06a70d64e86116d1fdf83df0c9abcb195bc374676cddd2395173f219951b6551,20537566,0,0x6813EEA6d79F923F03fc895b6b735D2B672181Ca,1723767659,1723851779
2024-08-16T09:37:23,319e0fb90e4b66d8a4c25b9d49c1c9d8e42ca927a3ec0f029809aa1b81d0d719,20538244,0,0x949b82Dfc04558bC4D3CA033A1B194915a3A3bEE,1723717367,1725013367
2024-08-16T09:52:47,6c0a28cb0ec7c642b11f372d24998fe83e9f8f0489d95ec67e1fedea57866b5a,20538321,0,0x87Aa1BaEf29F562Aa64b74FD1ff67179A2f0D671,1723776767,1723776767
2024-08-16T10:00:35,31aa107be30d18c24f74ace4762bf8968609d351b7407984b530abc082df9717,20538360,0,0x0ceA9C7a8d5DCaa6b53e2DEAa4A46B34e6B783A5,1723777235,1723777235
2024-08-16T14:37:35,c03b570cf5b844570beace10c53212a564993c6dff5d96e1e6b2b3388e0be9ae,20539744,0,0xa8DcfEa236769467B57E97d91C5E86E13AD615A3,1723793855,1759179600
2024-08-16T23:26:11,e2048bbb7bebbc381bbaa0ee4613fa52555c799d63328e19c680621fe3e9e442,20542375,0,0x5C9E2A6fEc34b510996a8e2a3d1e2c47A382a8b9,1723825571,1723825571
2024-08-16T23:59:59,515ec31d83d2625fee868444cd7d5471dbd8b301d8e26ce5bf0f16b12f8c1fa2,20542543,1,0x3476ee81BA812D56b571bCc2e6122De698084E15,1723827599,1771890249
2024-08-17T03:11:23,d49b1efaf1ebe9e6d85a3b6cace92bffea0e7a32a584909d1b9343f39259000c,20543494,1,0x63AE77cCa59BbEdCbEe3F88C51231056e7f9929C,1723590383,1746821451
2024-08-17T09:07:23,1b0ce923855a8563e3ce4b606389331245d8025dba431bdfe885e8f9c2899dd1,20545258,0,0x3f8d4407B4624222C500e826f4FAE277016958ec,1722701063,1767157200
2024-08-17T09:14:35,a0c3972d2ae9b3df673b684b0b754e6a72115eb53c81df6198f2fa00da28c661,20545294,0,0xe3F986E1dD4a020D1EB887947C5aC6dfE403b664,1723860875,1723860875
2024-08-17T13:56:23,e289c655e57f17e20eefa22983944853d89f06e008fbc09d436ea51e50c02f26,20546694,0,0x0f5160a922986895Fe0B5Ea2152BC6Ef9eDA40C7,1723877783,1740783600
2024-08-17T17:30:59,0de9c792ed8c43d52c44d24690553f87ffce3d383c31356c2ed6d060d83779e1,20547760,0,0x4BFe7A583Ed89B4F455dc4B28D6175443497EF26,1723890659,1725141600
2024-08-17T17:41:35,5aaedf67b94f2b2a3e75f9d69bb9583c1ce82952ebb1be66c145ccb58a41fe8d,20547813,0,0xeA58701150C763209c5914cEfd1A2d6D96356093,1723891295,1745942400
2024-08-17T19:02:47,c59e9f3aa5f50903b8b8f617fb87fd9666e6b58203a75ef831ba1b167fcf7e4b,20548218,0,0x9a11d1D90AfB58a22C566EC63f5b3A7554970aC1,1723896167,1769875200
2024-08-17T19:05:47,b0a6fc4e5669f47ea287c5c4b33364c589f0f0be4f875f55da558ac59a80741e,20548233,0,0x949b82Dfc04558bC4D3CA033A1B194915a3A3bEE,1723717367,1754043767
2024-08-17T22:46:35,4e39fc0d0785bb255f95683c2e4e3b6fc84afdb39c931a3a11acd0f87e4baed6,20549332,0,0xba15E9b644685cB845aF18a738Abd40C6Bcd78eD,1723909595,1723957200
2024-08-18T09:07:59,0968ff74d0b12f8cd924c2632beda92fac3052057fc4741557d1af520b4c8908,20552423,0,0x678bC3C5811f2A2F8F411b3be3842173104F2EA6,1723946879,1723996595
2024-08-18T10:54:35,75db706abbe44cb1efd330bb4493ac32ad8fe00b495afdc6b4fefda640a7d3df,20552955,0,0x949b82Dfc04558bC4D3CA033A1B194915a3A3bEE,1723717367,1785579767
2024-08-18T12:43:35,8dc62a399fa52acab8b30416b3cd33245c539b1259ed1ac043c0f93016b0ddf2,20553498,0,0x29Aa2eD8712072e918632259780E587698Ef58df,1723959815,1727668800
2024-08-18T21:04:59,5107af77d1b33e75a7a85b159eaf2dee531b33179a75d3530e50c38e7255ff54,20555995,0,0xDdFE74f671F6546F49A6D20909999cFE5F09Ad78,1723989899,1798066800
2024-08-19T01:41:23,925a3d052a2ff2edb60abb1df5a45aeb7ad188d6221c41ce2a1f7e2690b6aef7,20557369,0,0xA8C0955B4BE071d5427c0457F066741c3b9c0F74,1724006483,1724006483
2024-08-19T02:06:59,7b4024e82a1b62bcb2a171e015c692a053447c42f0919337796afce268812c82,20557497,0,0xC2e13d4F567aB5b38c49E258F2bCE79C35D5C42c,1724008019,1727586000
2024-08-19T10:06:47,68c51e142b5ed69640475828495cdf9cd56463c045d18b771399f01d40cc55f0,20559880,0,0x10e40ec9932dd401Fb42264600387b171539f2D0,1724036807,1783180800
2024-08-19T11:15:59,5ba0ce0653e587d5f5e073331de7c2b1fd78e3521cf7c901ed61388206b9c310,20560225,0,0xaaAC234a77391e14CB94f672d47ADD20c7229Af6,1724040959,1724040959
2024-08-19T13:42:47,feb064264cf48b6a750b21155bb5d58d431853067eaf8503f89a0f14e05b66ae,20560954,0,0x6b9E4F287d44cEa39Cd8CcEDAA42488617AA21A7,1724049767,1746594000
2024-08-19T16:22:23,49691e5c308d3344c2038608b427c76337e3a7527b80cf57201a2660b4fdfce2,20561749,0,0x9E6152192Ec62F75acaB7202d9c8dd71A15e9fF6,1724059343,1724059343
2024-08-19T17:39:23,cee94cdf8795fedaab0e31357f6adde6aba9c84a0411380c1d2c7c1c3afed35d,20562133,0,0x604DFfdC9eDB4B867e22cbB2E134d54c921014ED,1724063963,1913368923
2024-08-19T18:00:59,a40eb862c1b75415199dd39cd662e2a30ed056e5ff5f6b0a2519e3ab6ccd9a1a,20562241,0,0x604DFfdC9eDB4B867e22cbB2E134d54c921014ED,1724063963,1913374775
2024-08-19T19:32:23,94d3138626a6afac982554d35026243c04e7e3faf3136aef9c516cd6bf4efbd6,20562695,1,0xA94b40c53432f0576E64873CE1CEAd1aae62Fc90,1724070743,1787745600
2024-08-19T19:40:11,4f8ed6acfadefb901d9f5e19d5cb9939276b53c9e6ffd393a5af5a88f96e8422,20562734,1,0x42FeeC5c7e7D3c725864A2716CA357Fa9993CCC0,1724071211,1819281600
2024-08-19T21:18:47,50985c98998c3cd409ebdb12830f2569037effdd2bb6f42a5a9c664ca7b7a945,20563222,0,0x2BFb184425fa1E700a5A4c313dc5e25cD1b71556,1724077127,1724077127
2024-08-20T04:05:23,27b62c751038d849dd47522a18a3c940f1f0dc220ce48ec145e677ff00c59240,20565243,0,0x9B88eA6A185FeBa943C46189ceE9AF00b892eCa1,1724101523,1724101523
2024-08-20T09:05:11,a48650471593e5b72729ffeadc52de94ea229c6de027b128cc126fa7cb1f6b38,20566737,0,0x7b0787774383743a8687852b8F4f2a32Db23eD44,1724119511,1724817600
2024-08-20T14:17:35,e66f091c78398e299dcca80fc09fcbc4ceac212f63031f927ce5eeec9e022279,20568291,0,0xD8BDe5268d4ca1887306791319B27816D0b04038,1724138255,1724138255
2024-08-20T20:45:35,f30d903b7092c15fa535e5814f5df54a4fe203557370902d8a22fe2b7ca4b99a,20570217,1,0xEbE2a63d8C69B16E58F75B6f221b8ea16745383e,1724161535,2039694274
2024-08-20T23:11:35,6ccd5829ab5ba6388bbbc4b7723d36432e4997bc3a6b415a0f67b50aaafe61ff,20570944,0,0x4E6fC7dc65aECBACF3E6D52529DdEB709f0C677A,1724170295,1724212800
2024-08-20T23:19:35,1e3f00133e57b3a1a382dc85844a3dc7075811d438494ff441b228c8a9d8b95c,20570984,0,0x45B6f7ACF369825aC5adaDE43437790834791e72,1724170775,1724170775
2024-08-20T23:29:59,cb9adf6ea3f244cc65c11bdcad49bc59424cacc4433210eeb6b435b1a4688756,20571036,0,0x45B6f7ACF369825aC5adaDE43437790834791e72,1724171399,1724171435
2024-08-21T00:31:59,3a7300c02b4c076963ed84e8df4a84e6ee4d1b677bb05f24c8b16d57588d3b86,20571344,0,0x8DCD0a829eA772C0B9994b25cab1Fd03ed20B3dD,1724175119,1724175119
2024-08-21T02:43:23,84242d8c2e81597ee87831070242f9c4984d4b62d26f38c79ef161a6d3351941,20571995,0,0x745406B0620c28026BEd34356C2D928574D88f78,1724183003,1761886800
2024-08-21T03:39:23,c88f6eee35ecbb350a8d97ce5732d855b254c3e9af8f69a8ad5d6609bb51b26b,20572273,0,0x972e4394327f20C2c35758486212C9C85c02075d,1724186363,1727766000
2024-08-21T04:06:11,699b60d5ecd87a9af91f1c96de74254fbb78110a8239185f5571651e514cc69e,20572405,0,0x8FB46fC66712b4D217A1953fdf89541F62DdA44D,1724187971,1724817600
2024-08-21T06:10:59,3e9d759ae99abd56801590acd2cb186dcbdd1c95ea78373d6c6549c25dd71ebf,20573026,0,0x8F844F8B22c6c455f7E392B6892890d4B6C7e159,1724195459,1724195459
2024-08-21T06:43:11,11d18baec93ee1a25e4978372c312dcb8d8770f98b314575e6535cfa60d291b1,20573187,0,0xA8cd2D8C5Db4053c4CBaDCCddF5BC14196139621,1724197391,1855198800
2024-08-21T07:32:23,1b21866427181f6194b66df3e74c06a2a951c080eb31c22fe523f4d49d6b4852,20573432,1,0x10908C85AfC3638e47AD0e8e9eb4c45E5bA15f41,1724200343,1787272204
2024-08-21T09:33:11,8ece48229e22c3703dfd492596e5463c6cd5b95f75a824fa20292eed8d0b4fbe,20574035,1,0xDeb55cA4D98218aEC15764651eeEF5799356D63E,1724207591,2102886510
2024-08-21T09:48:59,05089a01556d8befd85e2f7a5256649bb83db73fdcf0a60729f1fe97b687f070,20574113,1,0xcCc442eDa69e466e1C54e3A7258AE8Aab508aefC,1724208539,2165971677
2024-08-21T09:55:59,f1b1f929cb654d4b7841497449f6d95d4a3065bc7d6bdd6a07b0a4e12506f153,20574148,1,0x12E6F8DfdBb81F6285f0dF132165D46F20FC85e3,1724208959,2229130402
2024-08-21T10:03:47,e27504a99360cf77d2d708c040f941c552a82ebcccab4842a554c7276ff1ae90,20574187,1,0xbA3777CF0832922F35A1a414875E3247e2608E3C,1724209427,2292202402
2024-08-21T12:16:35,1f022acf21595a76bdab009638e64994607fa4cf05e7d10ca702efbc52f69191,20574846,1,0x10908C85AfC3638e47AD0e8e9eb4c45E5bA15f41,1724200343,1787288864
2024-08-21T13:37:11,a518f6ab3e79304b484bdd567ceac4980236766ae8eb6c3cb3ebbd76c353594a,20575249,0,0xb3c1C4C5C1223BE2d3e99C75FAbd1D4206E05f67,1724222231,1895810400
2024-08-21T22:19:59,c35758e50775d246099439813f18f3a9fa38a43b2ec3806e925b969952aba1f0,20577850,0,0x96706EB471F875a9a41442f358d3B34ba02F868b,1724253599,1725058800
2024-08-21T22:24:47,f11ce35095092f7f98070f9553f40cab38276a4c498e083560a8d5077bf05aba,20577874,1,0xC4ba2bB098Aa3bdF9e7b78b66e84DbD99Eb9b000,1724253887,1850397537
2024-08-21T22:48:23,2fa1431f32697e2343b7f1c26d4762127553d7623577992a9cc90abdf0fdc7d4,20577991,0,0x6491db65F8AC5380FE06132Cce77372cbbe8da85,1722478475,1780113600
2024-08-22T01:05:35,abf8d9922f789b228a50018ce7db8ab2c4e212b7e7602f66c70da0e0e66147a1,20578674,0,0x8F844F8B22c6c455f7E392B6892890d4B6C7e159,1724263535,1724281859
2024-08-22T04:14:35,2964107fd98a1a5b3c200011da3bf53bb6a1fa5c69d7d4369edcb0c883ff7553,20579608,0,0xC3B82270Db1b77B4bE28a83d0963e02c38A9d13f,1724274875,1755759600
2024-08-22T04:15:23,99ea5ca2e054ecc7d58e8d0d280826e1c79f77d3c4d2be60d0c7805051ff716f,20579612,1,0xC3B82270Db1b77B4bE28a83d0963e02c38A9d13f,1724274923,1755810876
2024-08-22T08:56:59,65401a2587250604c2ee947d6a02f6c5b37e57371efb7a99a4407a17d67a19fa,20581010,0,0xA8C0955B4BE071d5427c0457F066741c3b9c0F74,1724291819,1724291819
2024-08-22T10:26:35,27a69b5c27318395a6c865ce4c0356fb82e203754a9778fb03490886b74acabb,20581455,0,0x5573773B310fF0C0ff0410Fd48Deb12b8a315230,1724297195,1747972800
2024-08-22T14:59:23,3c7cfeb8a42c4440b1e8c7a84b467d838e56200dd38dd37ace391556830dd6bd,20582807,0,0xab93B28a2bdf90B3f088BBA477E8618572AC78C7,1724313563,1724313563
2024-08-22T15:01:59,a4382abdecaaccfc8b469bb782002001e9ba13fbc75018fb55331bb37ceb4cd7,20582820,0,0xab93B28a2bdf90B3f088BBA477E8618572AC78C7,1724313563,1913615963
2024-08-22T22:32:47,70b45d58597df0848ecc587b0082589ab870649585aa38f12ad4b5ae909ae64f,20585063,0,0x00E104aAe179D76D324E36546B83bAe83E5Fe0A9,1724340767,1788213600
2024-08-22T22:35:35,9f500b4f383de173d0cb6e67d106dcfa4c7cb4c07aec686775a3d21a51c60503,20585077,0,0xF29836CC4CCCA06e6d7a8CDfAb711A64059d6539,1724340935,1724385600
2024-08-23T01:40:35,d5104ed5150874c1b102d480463ed0e7a05e00b9d7caa7f40dd269008b4bcb3b,20585997,0,0x661218f97EE63af34BaA42d8de03CA57c2D64F1C,1724352035,1724352035
2024-08-23T01:57:47,58ccb7588e70a9298bff30797bdcb9593c981cfc306f792e8479cc5e60ed1722,20586083,0,0xa1CD7B20BA585c6D473043d8011808F8cd9c2c04,1724353067,1724353067
2024-08-23T02:09:47,b57e4b85b6e6dd67e591f52f64ba78486953451309a52d960b031c4027df2b70,20586143,0,0x57447072D5fe4c5E740E6E2BFCe3F41a1cE047b5,1724353787,1755846000
2024-08-23T03:37:35,4df913cfe09cc02fad419f5879c4d067e94e5695e2c533477101865737526bd1,20586581,0,0x9e68Cc537DABb51bcBB4B80C07090e2B3C42F06d,1724359055,1755894600
2024-08-23T07:10:59,91e80243cf352f3b8756dd99d788cd63e56aa65072964698811e17e0c63672a5,20587643,1,0x33Cc621efF70C8a87538C703dC193417E3ee58c4,1724371859,1845325729
2024-08-23T07:34:23,681bc720ed56aa0cff0ad90980b168a1993d92b6cb78740204e95961f255b435,20587760,1,0x1E204cf66B3623AAE9983676f6EB76c4F899CD8c,1724373263,1847061049
2024-08-23T07:44:23,59d49c93ae7469ae1c45acc734d44cb043ba51f33fb708a406aacfa733a3b5e7,20587810,1,0x112Dcffa3856a19DA23Adf707D58A49fF319832B,1724373863,1845506538
2024-08-23T09:29:47,4f81f55cab6a42ae3842c36f269590f2856b6ea81d22b85f7b74e2824da0670a,20588332,0,0xaaAC234a77391e14CB94f672d47ADD20c7229Af6,1724040959,1727064959
2024-08-23T11:02:23,4c593156e0a47d357ce471bc8ebb630def4466abcf84faaf91a3a0ce00644136,20588792,0,0xba15E9b644685cB845aF18a738Abd40C6Bcd78eD,1724385743,1724389200
2024-08-23T20:30:23,e17b197fa466f7296c495b23db6f66f8f4760b05b60c0f3bd3fd5816c95405e8,20591607,0,0xb28DEcf4763A9c363d2d0E315a1F407359D62A94,1724419823,1724419823
2024-08-23T20:48:59,bcd8975b1f178be5e11f18248f6ef7ce546480c57ab85c0621c9863f068b6ad3,20591699,0,0xD2AF441BDaA3b618511D89A4Ace7b7526eDd0b7F,1724420939,1724420939
2024-08-23T22:02:11,52dfb4ab170733e2d462c2ba1ab0b7c68de220c2e67f1b9b30b78eab37ca504f,20592064,0,0x9aa54a3C89187577A980c4fb60d7a8F164bd82B7,1724425331,1724472000
2024-08-23T22:43:47,9556309454e2365188eea29c8ce300a4e67d88fd11bf0a6c21612460dfbe603c,20592272,0,0xB9075632cE259E5ffE6cB693845f66cb1826A527,1724427827,1913559071
2024-08-24T05:10:35,1905da746f49cfb9c693f7fb155cb98d167515c6898d83531cc05f4cb922b31e,20594197,1,0xb7E988Dc89c9c6276f551204121b9F0844EAf9fA,1724451035,1882129903
2024-08-24T05:58:11,c21af394860afd62714890ed40efa9649a2f8b3a046d1e5a88725c9d45652c22,20594434,0,0x04F9432e0eE95C959B4541E17A6f882e87eC9DB7,1724453891,1724472000
2024-08-24T07:07:11,b2be5b8cb049c1054a6c12b2b32f24534a6aadc87336a8080853b39c2e2113d9,20594777,1,0x32B4D51612B6c01Dd74FC9136d0412A1f51229C5,1724458031,1878249943
2024-08-24T09:06:47,6082076f7f48f13abaa32e44cc11328d0b4b61aadd2d7548815a4a0c9c215660,20595371,0,0xa885866398a5804D43d4eF1BeCb418204122F8Ef,1724465207,1764511200
2024-08-24T09:24:47,045a7b39f2f8fe2f502c1800f4d5854e034e6410c0b6051988a40d6af505af8f,20595461,1,0xC16C04dE65E2EBA60B78294E23953f5EB17F9202,1724466287,1845771846
2024-08-24T10:33:35,00d7ca5f4e499607cce79c6ccab7aef7571a76ac4a6ba4d21d5dbab868b1cad6,20595803,0,0x20729abD5870234D58aa1829E252cd86AC78D6C4,1724470415,1913698800
2024-08-24T11:52:47,078d2808ebe6fb92be822d03a69a464f4344e9ce520fb0abff904e4d2404a67b,20596197,0,0x94b9C8F4d0Cd9c499289a60Bb79D0a8134D15D1A,1724475167,1753999200
2024-08-24T11:55:35,43b5e20962d98e320f09169eb909db0d2806d21501fc83d1fe4157f1fcb5f36a,20596211,1,0xDFB5B33A8C82946c3746e603b11DFF1e4f958Af9,1724475335,1784955298
2024-08-24T11:58:11,340c9b9eb0cd9c5eabbcfaaef4037d74df4556e83b24efbda25d3534ae0a45a5,20596224,1,0xDFB5B33A8C82946c3746e603b11DFF1e4f958Af9,1724475335,1784955424
2024-08-24T12:00:23,4bc5a74434f7ddf04ce44f416e163b3c330757d71757975102ab219a82f15886,20596235,1,0xc85152977efb0139817978191aabFf5F6D123E23,1724475623,1815195605
2024-08-24T12:14:23,32938a700cc204bf5c30ead125952afb18c5129156a4c9c172bb51bc2fc23ad9,20596303,1,0x2Adb069F346E7DF42Db04f3f10005F5180e410E3,1723483487,1756623639
2024-08-24T12:17:47,56ab8f965120a34eb5cc34c1e6ab6ff55eb540ec8adc657a99f97ee4fd22bad4,20596318,0,0x2D464aaa7B8B7d05429fe6db76a9D8d4477F1336,1724476667,1740783600
2024-08-24T12:18:35,0e0b81de16e6d103654f7f0ec4c4035f2166bf04058d35a3f32cac75182866c7,20596322,1,0x2Adb069F346E7DF42Db04f3f10005F5180e410E3,1723483487,1759215658
2024-08-24T12:37:59,199bdfe6e765c54809061b52ed8bf83384d910a336504b3edd776f146e4126a3,20596419,1,0x2Adb069F346E7DF42Db04f3f10005F5180e410E3,1723483487,1761807667
2024-08-24T12:43:35,a82784274929b196a76e3f9415c4a6cb4f41f17b15bc98599ba5ab41124ff2aa,20596447,1,0x2Adb069F346E7DF42Db04f3f10005F5180e410E3,1723483487,1764399684
2024-08-24T12:44:35,0e2a38f2837764cef839d5f3ff13b467a815a2a60e9db8ee857b491adacca6f2,20596452,1,0x2Adb069F346E7DF42Db04f3f10005F5180e410E3,1723483487,1766991699
2024-08-24T12:47:11,2254ba4f4d64b9c18a0d3e735bbffd9ff05e4d53a8974ffd6f84c8ad98b96714,20596465,1,0x2Adb069F346E7DF42Db04f3f10005F5180e410E3,1723483487,1913785408
2024-08-24T13:23:47,05f556d6b578adb32051fc7293ae81b305003c3667c047d1eb03b77e900e1ff1,20596647,0,0x2Adb069F346E7DF42Db04f3f10005F5180e410E3,1724480627,1728282199
2024-08-24T13:28:47,8f566fd037ddd889fc32ce03ac4cd184379eb4a232d53a82d15861ffe73b07be,20596672,1,0x0D56bAF5Ec33E9EA364BD1e1Ce7AffBF2d457Ec8,1724480927,1846304862
2024-08-24T13:41:47,7af81f7c91000a68bff496609654275bee8242e008cfbd7d3c09dee6284e3fa1,20596737,1,0x9cd4cde2D492f79FfFC62634ebd22994681743be,1724481707,1754203268
2024-08-24T14:31:23,13929780c2d9a6c33ec3aba82c4f138577e21da7cd0412608f18da1d5d6f6a55,20596982,0,0xE0ac20BB43F09787CC5dE0f49Bcc188D795f4797,1724484683,1751212800
2024-08-24T16:36:23,1a78d04ba9a4995b815726fd6c0a10909a8642861db608c24e1c85c105a8d730,20597605,0,0x96706EB471F875a9a41442f358d3B34ba02F868b,1724492183,1725058800
2024-08-24T18:22:59,ac56046eba0bc632d25052cce69f30620e2bf54c309832613c9265cd1dd46129,20598134,0,0x1f5bE3C931deb102A9E2c489c8abD074A6450E1A,1724498579,1724498579
2024-08-24T18:30:11,a6f1b9febf7ffe1287c0d7a213d10a6eb0b34eac165016e47dd7a0258e1fe82f,20598168,0,0x1Fd643808269d88615220A59B7ced0ff920F9A2E,1724499011,1724536800
2024-08-24T18:48:59,7c90fc1edf15ad3b03f68c56693b78fadf39a337004dfd09b63e69c469d33f72,20598262,0,0x87f5014f811aa17d66c60D5dA8B0C931270Addd6,1724500139,1725138000
2024-08-24T22:06:47,fa96780e4d2f84d0e841867a058e6f3fb3c60805b379ccc0c1742c043f234ba7,20599244,0,0x01CFD3546cD873a0A6705961B3fa6D0485FF4035,1724512007,1913846400
2024-08-25T00:38:11,5a33b7688a47fab433a5849f9a912997466a03c80259208d67d05ed111f1b0ab,20599998,0,0x6820250308B5EA5044672A297B2529e627787f5f,1724521091,1724521091
2024-08-25T02:40:23,e581d4c2d1688feb8d545c1bd78c6e746f23efb8b5b9a6e0b2b3c6d0876693f7,20600605,0,0xA8C0955B4BE071d5427c0457F066741c3b9c0F74,1724528423,1724528423
2024-08-25T04:08:11,72366fb40519ed2297ec2f0059e2a75cbe3d43e865f3493ba9e7a8552dc57460,20601039,0,0x3631e591A117cd71Ea786DC39Dd8011d189e0b9d,1724533691,2529792000
2024-08-25T06:05:23,b0a6326c8c26aa10d7a375bb43463fb76eea80e819333a24409193ac2561322e,20601620,0,0x8F844F8B22c6c455f7E392B6892890d4B6C7e159,1724540723,1724541059
2024-08-25T12:08:59,7ffef8c27165e7505df4f2759e2daafe3f6e01ae274ca9e151bb25b367bd587c,20603426,0,0xA8C0955B4BE071d5427c0457F066741c3b9c0F74,1724562539,1724562539
2024-08-25T16:22:47,2facb992ef91f492842f7b8f68ee4e872d4ceb4fde8b884e689c12ddc5ddfa59,20604684,1,0xE29F5A28b46A390e917930b3B0Be6Dab20eceeb4,1724577767,1913880122
2024-08-25T17:57:59,cdd3845e0499db6e89f4e371b308858835c9d85930d963496299759a4ac9193b,20605156,0,0x93d292c62CB648B61064A523948250293DBd656d,1724583479,1724623200
2024-08-25T23:04:47,0e60220e669655bf5fc458d99f7a0495126b79cb912abf79cc88f97655e321cc,20606681,0,0xd27d90b337717Fd91C4D409F712B890D4eE2FdD6,1724601887,1901224800
2024-08-25T23:23:47,836bad06fc40d489ca086988c43dd5bae6fedd909c45b2e55c7157233523b0ca,20606775,0,0xD2AF441BDaA3b618511D89A4Ace7b7526eDd0b7F,1724603027,1724852939
2024-08-25T23:47:47,53ab1755d7b737b8fe040a75e01d71ec8ae8ded6b859263a991408570d1f6a32,20606893,0,0xDc56240D5985bf8E0EeA4e17Eb6c3B57A01bea8f,1724604467,1914379200
2024-08-25T23:51:59,1610f8e4900a2192ff3cc98ba4d3973a9edb24e75bf48cde2c5513adbcf04d52,20606914,1,0xf9396a11A1Db5662d2DBdF6d6e7Ca8bdb12bB11B,1723590383,1810993628
2024-08-26T02:03:11,a8126fae9c0a9d0581134f26c0dc4c5033eeba895b96c42a500122355a635ff2,20607566,0,0x4fca7eA8770eA56d3E5eb1Ce0f35fFE44F198C7D,1724612591,1724612591
2024-08-26T02:19:47,d651b9ba2ff8b7467f9dd6616fa3a7eecf2a329ecfccea7150a4159d5b6568df,20607649,0,0xDc56240D5985bf8E0EeA4e17Eb6c3B57A01bea8f,1724613587,1914379200
2024-08-26T05:23:59,951cd62695317dbfe33f3fef56af27a59af60454f48179ba76281d7f5cf537d0,20608568,0,0x7EC92DBd3e9a9F570F8C7dD1C671a23D4F1A422B,1724624639,1909119600
2024-08-26T05:29:47,83a3631b3df6088f0e79b8334add074cfb3c64399e0064032ae8204581ae3c5a,20608597,0,0xA22B6B077A2A58749BCbE84b96890C6227ceC51f,1724624987,1848578400
2024-08-26T05:33:35,5d98063f9655698420cf55634a34c7ba914e9ba44b86d05eb637636bae001a61,20608616,0,0x71Bb0DB2E55E22830cF6cCaB8E5137aF4d1eab6D,1724625215,1909119600
2024-08-26T05:41:59,d2679de9bc4eb70b26da308dd9ebf573eb95e5ebe1e5b891014c8fb6f8eeea41,20608658,0,0xCCbFf767943A844a84f93b3545c4886D11B69CFA,1724625719,1910329200
2024-08-26T05:47:11,659534663b80ba878858ad509db1b4b047c84214a5b1164c55168ca59b6c6ada,20608684,0,0xB32eCa686BbC2f1F30e9ae3249c1B3096Eae7691,1724626031,1910847600
2024-08-26T07:54:11,4ba75b9c7914cdee59adc493626187d30b7113112dd3dc6441b9e4fb19d1f332,20609315,0,0xc22377C1A7D5D8f065400e9920B213F059d114B7,1724633543,1779508800
2024-08-26T08:51:11,435aed5f6f59e8ac6c83a0b1514c1913aa05fc0e14acee73a311b01e1f4a28ef,20609599,1,0x7dDeBE7D0A896f4BBfeDB68b892c35BDF6F21d8e,1724637071,1801014581
2024-08-26T08:52:59,f3f81848e27191f981222443c5b31bf4254c5eafb877335d1008f3a7b7b2eb0d,20609608,1,0xa7e32D41f5b94352F4De412Ff6E5fA91ed7532A2,1724637179,1800841511
2024-08-26T09:14:11,aa8f49deca50648ee487b95f2025f97dac87eea43abbf80a3c86f93b63743527,20609714,1,0xa7e32D41f5b94352F4De412Ff6E5fA91ed7532A2,1724637179,1800864008
2024-08-26T09:15:47,c7c12c11832644001c8b9a731ccca6c9d6e160fe3ca7a9a0e8c606c79d068e89,20609722,1,0x38c7e9E4917B521E5e13CEaB4Ff39448Cc85d7f0,1724638547,1800864008
2024-08-26T09:46:47,c898f6bd628b28f1fda818a56b1a5930e9cf8920dcf89168bda7fce5359c127a,20609874,1,0x3444085881C71ec2FB9696946872767FC321BE9D,1724640407,1895558406
2024-08-26T09:54:59,c05cf18e0db48129e8d9bb405fab01dc3157774f55588a7420560fe308e75064,20609914,1,0x60407535C9091136cd3c02cF19e6aEbd6caD9B80,1723590383,1811040656
2024-08-26T10:41:59,0f12789f048b6ea452c63bae7a6837d1715824294332b31e6c6c4e4430a4b207,20610149,1,0x7aE68C76771131835e90AEfF44f1c03d07503B92,1724643719,1756179256
2024-08-26T11:29:47,8c4cf10ece9f19f769064b46d4bcffcdd4a9ae04731d325e721760c09858fd05,20610386,0,0xaaAC234a77391e14CB94f672d47ADD20c7229Af6,1724646587,1727064959
2024-08-26T13:25:59,a6e66aa9a98d573dd21a0fbe45dba6ad99b11f5c559c6afd5680e5650bbd108b,20610964,0,0xE43fA6CBb7DdA0bD863593c5E75fAe9B4dCD5CD4,1724653559,1914451200
2024-08-26T15:53:59,66fdb740534f088b2b7bd23d487ac1046d8b3d1b0f19246438b2626c62c7b946,20611698,0,0x6bEC41e2E2F7B5BE3808393CCD0B725f6458e0C2,1724662439,1733785200
2024-08-26T20:50:59,38a01ef0486ca3285895a0e9455c1db4331dfa5b7ad879320e030fdb2a2b13ae,20613177,0,0x37387858399BAe1C352ef11A35CE6a0C464c19B3,1724680259,1759266000
2024-08-26T22:31:11,d13faf7eced24c4aec69af037c7502d777e31362067f9d8236df21b075346c69,20613675,0,0xDb1304060dD4e97d62497FF9566D8734328A6099,1724686271,1724686271
2024-08-26T22:41:11,ca3e4aba9ab8624202e1fa0c3d2e135b65ccb10999a48cd096697d7cd0a71814,20613725,0,0xDb1304060dD4e97d62497FF9566D8734328A6099,1724686871,1724859071
2024-08-26T22:42:35,6c744015377eff4ae9c77ce84e691fbfe6ddf76682c0f384eff9009134d5ec7b,20613732,0,0xDb1304060dD4e97d62497FF9566D8734328A6099,1724686955,1724859071
2024-08-26T22:56:23,b95515ac438ed0637a6e259bd081febc8f4e052df103b010022dab2ccaec12d6,20613801,0,0x6d50b666938CFdBdAACB375494E6c6182896fD22,1724687783,1724687783
2024-08-26T23:15:47,a35d8a60a1ffff65aebe77e7af61c5be03cb52f0efe8c372225720fea65b99c2,20613898,0,0x2C170728E4A787D37E3fc24856A53672feC1B7Ef,1724688947,1913922000
2024-08-27T03:23:23,11fa21cd1ef90e759fd2aae1b09b54c11bd9039a0c3e8d847ae9a4b6f760d2fb,20615130,0,0xa1CD7B20BA585c6D473043d8011808F8cd9c2c04,1724703803,1724704247
2024-08-27T03:28:23,767fd9222158c2b72bd71b83086505c890b8cdb30a8a474aa7350a55407eafe7,20615155,0,0x9299A477914A388A5c43fB44D6B091cb8AAcb774,1724704103,1724704103
2024-08-27T04:00:11,70be11926280131b459abad374c16260d2cba57b9bc8e5a40b7eae4cec2d4642,20615313,0,0xcE8d296B17B7E21381957390b9997b92f9D889A4,1724706011,1725228000
2024-08-27T06:40:59,0680f3a475f4844918e5252c4ce8bc71ff5935bbcb6c6f9ece76f69d1249258e,20616107,1,0x7aE68C76771131835e90AEfF44f1c03d07503B92,1724643719,1787787631
2024-08-27T10:30:47,e846dfcf1986254a5467176539dac5c3e97faf2eab208a900d1a08115a56f468,20617248,1,0xbFC8a0D042c5702c7c075352E9bcA7C14a871448,1724729447,1858767924
2024-08-27T11:00:59,e8800709099b7b1d437b264d067f23f72572c21d155f7f2af3a646b177d897f7,20617399,1,0xDA7F54D1aA0d8C24ea3950cf5027F436FD7aA622,1724731259,1850872670
2024-08-27T12:55:23,c16f56749c51f2b405f20a566341a261e3ed9707da43a2408b99080bd7098f7a,20617964,1,0x3a92f10694f38f2bea6A3794c3bD06880572Dc1f,1724738123,1851054148
2024-08-27T13:37:23,f206a58e1131a7b3fca2626f3769f92d590905f8cdce6f1b2e02135067711b28,20618172,0,0x441917306B901203b0960a4918aE63532A0EfB82,1723550171,1724882400
2024-08-27T13:40:59,08dadacc49e5e4cce65410bb3c9c17f8490d79213a13d8a9db8fab0331c07ad2,20618190,0,0x441917306B901203b0960a4918aE63532A0EfB82,1724740859,1724882400
2024-08-27T14:13:23,698c38a7f6ef3cda9eb72f07b14763c0d34214e33d503978a946c136acb77df8,20618351,0,0x4fca7eA8770eA56d3E5eb1Ce0f35fFE44F198C7D,1724742803,1724742911
2024-08-27T16:04:47,ca95af061e0f7b1087b67a66453f10c1418105970e207bc350028b124f178214,20618906,0,0x47A7755d55896C1e97F6Fb67cA1428bce7607e2b,1724749487,1725638400
2024-08-27T16:11:35,09433b9ef19f97b2809d856074f0eba1dd5da22f27a48abf476cce0d88d25a57,20618940,0,0x01b2E49f1F3fBF81DB90Fc9718672900c12Dd249,1724749895,1724749895
2024-08-27T20:17:47,46efe3ed931e575ed4b9f2f15d5bafdaa71be71733a31c98dea87cd36e07645d,20620168,0,0x72263639B5c028921Acc1cA851A83A80e0F5989a,1724764667,1724767200
2024-08-28T01:23:47,24ed71e93aeb705885af91cbcf36622e9473868c7aba7214a25c45b4e771368f,20621690,1,0xe93075Bd6B16a681F9959BAe42C050Cd36600F9B,1724783027,1967307554
2024-08-28T01:49:23,fb8d681ec9d58c6cc78f8047d8cd587f5ba2d67c3259594bccbe4b563a92fd1d,20621818,1,0xf600a01dAd6c73dB4886b136B71ac39cE32B0244,1724784563,1832400053
2024-08-28T01:55:47,ba06f16e069417d510e54f9a481373cc73002a157009cc1b39f63622a9f5e584,20621850,1,0x236eC68fbB8D07a9Da4f025191Ac87458A9d00C1,1724784947,1864022429
2024-08-28T02:05:47,67f95086a7215d8b65e4bfba0d7b2905d250209a34507e00f89c44201f910464,20621900,1,0x0d449d300AfC0C1D488C79CB9E34ecC3042761ad,1724785547,1832400053
2024-08-28T02:11:59,0ddecf8016ac0e985a852f04f9a3d7804764395f4e8eba417e55bd7d25194db5,20621930,1,0xbdDE00C6545B0C2d658961441d0Fe83d894841a7,1724785919,1895558406
2024-08-28T02:35:59,c273548d058310c89ced58732a430235ead7c8fdbd3400753612578056161a04,20622050,1,0x2440C6B5dBE0093E71c8563D399521d056460985,1724787359,1864022429
2024-08-28T02:43:35,70b27fdfaf49d8e383bf2b81c597eca3dfa70db74ac2666378e9733251b2986e,20622088,1,0xCC5e733cB2E7a59EFC5463575EfC3584D5922486,1724787815,1895558406
2024-08-28T04:03:23,643e08348a69b4595228108ec84e6746610abcb374a3395491cf64973c706db3,20622487,0,0xDeD7d569E0a9c346F0bdDe02ad332b4cC5fa3bE5,1724792603,1724792603
2024-08-28T04:17:59,513956f851a1bbe02c92088f465b2ec9878d153f70a0d16237d8ffd3b2d2488f,20622560,0,0x1d44378E599BBBAFa409032120eec606FD5C9786,1724793479,1724793479
2024-08-28T09:53:59,1fbb53056b80106e8eb120909ff2f07b98094f9baaa511f5dae55cce3c626657,20624233,0,0x9C522379a201D9811966923e21c93a41B55229f4,1724813639,1755957600
2024-08-28T10:10:59,f6edcd59ca3a6f4a44643069b0e4dbde381adcc8ca8f75fa722d6a5b17b759ac,20624317,1,0x6869873b33d6fB4C4daE4316A7B59f24C5D96FB3,1724814659,1816052718
2024-08-28T12:13:23,29039e5dfee350379cd44f4220815f8c62f444d5b7a3fbad317e8d89be509a10,20624924,1,0x5df7eb97138Eb47c7674F939571465c5f02f636A,1724822003,1896757659
2024-08-28T12:51:23,e08fe2e90bd9ee2727e8308f40f6c18e95e902b26e4648dd45ba970850bf477f,20625112,1,0xc2A09707c32C5C37aA069Dd62D23f1F8F8d0e525,1724824283,1896757659
2024-08-28T12:59:35,67857f01e9b668e2e34767a2728615110357f465b069ead9eee181f7a21a4319,20625152,1,0x07cCa7340Fc8b6BcE4af6BCA4eae0fA303bf8ab1,1724824775,1770530213
2024-08-28T17:16:11,1a0b58390c2041965d86d6bada9d1d54866bd1a09eb42b5c658f437fb58f8f4e,20626427,0,0x839f654749F493f5407bde26556E5052376f144E,1724840171,1724840171
2024-08-28T17:55:35,f25aeeda22e9797cd51bb756fd7d538f62c59cb6c5140021bdc2427f6ed94fd9,20626624,0,0x9296311140c692F2728920E2B91e0d4B1b5E8197,1724842535,1767394800
2024-08-28T19:28:59,3cc5b5c8bcde50cf081d342e921c272e5d6eb48bbb6bff1810af2adc40ecfe04,20627090,0,0x7b0787774383743a8687852b8F4f2a32Db23eD44,1724848019,1757476800
2024-08-28T21:22:35,e37db89d833a39603cc3cb9e790d88200e0b50a1a619405910f90a215d0351c6,20627655,0,0x19dfdc194Bb5CF599af78B1967dbb3783c590720,1724854955,1724854955
2024-08-28T23:27:59,273270ed8f68515da4eb3e97b62f7a41815199d53b6129a01cbb525ebe9595eb,20628279,0,0xbda55e51af4a7Cc5a8a4595Ac410c5d11B0ABE01,1724862479,1724882400
2024-08-28T23:30:59,2990e25889d77299d0ddcd3f955ea56f21bfe111ffefa9b425b8d097ea3e4fe6,20628294,0,0x1939376366e7d912454ef5732dfC0b0061F67316,1724862659,1882587600
2024-08-29T02:11:59,8a38494eb456055a9e408c1fdb97fffc53e9b90bbc84cf50255787758acf64c2,20629095,0,0xDf9f0AE722A3919fE7f9cC8805773ef142007Ca6,1724872319,1748664000
2024-08-29T02:38:23,b578837cb0bbdcff8f738d841e11cecf96197dce31045c27f1b10f693cb71c1f,20629227,0,0x7a8179c8f1f45dFbB9787036aa328378ABF52b54,1724873903,1724873903
2024-08-29T02:39:59,547d1c9487fb9ae3331b2ca994217a78dfeeb8dbe260432a56f783325e85233b,20629235,0,0x6C40f40a4Ce3724F7599548579D46af52E443577,1724873999,1724873999
2024-08-29T02:41:23,34cb935163daa4fc6643380bc1e737d8deb2ac007c1c2feb008109ae4f26ebbb,20629242,0,0xd7662E5D1Ce9B52219E1D9c82f213d15Df30E91f,1724874083,1914037200
2024-08-29T02:50:23,4e8f5a8e5724a9bc059385b09c0a2b654244d4e737f19500e401a44ccd1607a9,20629287,0,0x89C9EE5e2338fC279f4570dc2e72B857f02A6EA2,1724874623,1914130800
2024-08-29T02:54:23,83c58cb41eec8c86e93339b39b05a824ccc45e57b832a4778ae9addef5586dfc,20629307,0,0x214Afc7D6A221e40fA4b67b9D1D2617c8E5A401C,1724874863,1914130800
2024-08-29T03:42:35,4378037abea7992180d319dd5b825f2e5b35d9764f653d676c70aaaf88f016db,20629545,1,0x20272088DaBf3d35D60331bfb359635d0Dd1f10B,1724877755,1896813698
2024-08-29T03:48:23,a3d55773e2e9abe8710e182adb92f9f35e1cf61044d745817a0074c710ec846a,20629574,1,0x5c134E4f25c1c592377F7e37eC0cF399B5D05753,1724878103,1896813698
2024-08-29T04:25:35,fae0bf1f81c55053d6ce4e4d9b156bd6399376163237a799dd6e783b913d359c,20629759,1,0xAcC5E71Bcb4a79439D3b5B1AEBa011Ea82270301,1724880335,1896815078
2024-08-29T04:27:11,9e1a25b90b14b0772769d7de53403cc921b065eef2eb70adbfbf8fb92b7a721b,20629767,1,0x5E2f339eaDf2b2E66043afc5DbAca3266FaD5860,1724880431,1896815078
2024-08-29T05:32:59,29ee8de7683829b8c6840ee555d87ce100aee852b3a80ca561ff32ba0dfef193,20630093,1,0x2342A84Cbb0b5bD5069c3cCaD3347E416167D217,1724884379,1820700552
2024-08-29T06:19:59,00cd63012e39c061cf74a55eaee52cf6a4e7b6c971201e2187e6abdffce7fc95,20630327,1,0x1A9D00590E6e781A450F03A8BbEca052909C2f5A,1724887199,1820704360
2024-08-29T06:53:11,25db2329358a380e4ca57796b77def2c6c745ff570eb7729c49b99d69cdb97fe,20630492,1,0x6C6bb551C4cBbC7B530a6253Fe0B9CeB0ea77f9A,1724889191,1757634694
2024-08-29T12:02:47,b554dc66f3423cf0c4205c317ee505f00b62f43865f1b53b87ac0bf26bad6c9c,20632029,0,0x94b9C8F4d0Cd9c499289a60Bb79D0a8134D15D1A,1724475167,1861916400
2024-08-29T14:45:47,e283f27ff8c5a99719b144b6656b9fe1df6e37d8f4767be2a22590d7fffd2c2b,20632835,0,0xa1CD7B20BA585c6D473043d8011808F8cd9c2c04,1724917547,1724917547
2024-08-29T16:03:47,d1d8d526960b0ef5b3ff6147d16eaaab168d1c1cd5ff9fd4ad6fa17d5f9a9915,20633224,0,0x01b2E49f1F3fBF81DB90Fc9718672900c12Dd249,1724922227,1725009095
2024-08-29T16:10:11,77217c7775b0910b7b7b651bd53a890c1177869c7c1f22267f8084fb307cd2e8,20633256,0,0x5F6fD9d880BE6e209d5ee7a5517DfB40B8a9d81B,1724922611,1724922611
2024-08-29T21:53:59,a2291e0411c402919956385835e1be448de47de2b42ae0baf2d41aa880dced18,20634962,0,0x901fFF3A5ea2C52675652Cf3C4701181056Fa89D,1724943239,1898290800
2024-08-30T00:13:35,00a32851fbe479a83dc36c419760563affe5c211da037e0e72bf1ad3db7f5d1e,20635656,1,0x5AC99845F4cA036Fe51b9944f87C746e995ED2bB,1724951615,1756487442
2024-08-30T02:09:23,da298238d378db0c340be7be822794af64e0eedd45a30b3e291f2473152c8456,20636233,1,0xF1d609Af9E5126BAb145286ceD8FEc8F341A7b04,1724958563,1756494169
2024-08-30T02:17:59,8e1360ac0667c428ce73dc2caf26569b3f3e1a79f4269de4b5f1f9025736112f,20636276,0,0x6C40f40a4Ce3724F7599548579D46af52E443577,1724873999,1748720399
2024-08-30T09:48:47,3a465ad305886a294aec36cb49ef1b4b52d1137c84857719ae4f31a22a71d044,20638511,0,0xC03D7825d2b3EC9D73D581802Ab49301C4EBB4D5,1724986127,1725026400
2024-08-30T19:54:47,3a398928b8ce450b2f1901b6f7f83ca11948692243044db38b0e5cb8be022069,20641525,0,0xA97422301f6baA323F3f6b5B5F48ba91978359C7,1725022487,1730329200
2024-08-30T20:55:59,01b6ae0fc7fb01f9305ed91a402a0db98c20131c78fdc207ee418ec86c1260d7,20641828,0,0x45B6f7ACF369825aC5adaDE43437790834791e72,1725026159,1725035435
2024-08-30T21:46:35,f810aa37b6eabf9b59687543a983163d99f7ad6b397f2de200aee2099a81e906,20642081,0,0xba15E9b644685cB845aF18a738Abd40C6Bcd78eD,1725029195,1725080400
2024-08-31T01:11:59,e4ce2b9c49b70a013dd7d76452d667e7d0bd999fc9b84efb409c05462d4581a8,20643104,0,0xDDBc2415496853e9442FbF3E4e8613bc800dAC6E,1725041519,1762329600
2024-08-31T01:42:11,07add2bee3ca3c4a2d367d150c55480ecd042977dab15e4058155f7175ecfa9d,20643255,0,0x8D9e45519FD188CDcE3cC5a1f0AD29964C61F996,1725043331,1788210000
2024-08-31T09:21:59,391fab8fe44ce7c9ef39fa671b10d26437a2a7c47aa1616d0c15d85e2bd09e3e,20645537,0,0x34753e738406023F54108c3cb0129D4D1C458851,1725070919,1725070919
2024-08-31T17:51:59,15d7793920874f1c5dc34e6de6ff4620380bf2158e325766e22bb89c5da577f6,20648074,0,0xdc848A72842d943B87926Ae27EE05F1e949ec931,1725101519,1725101519
2024-08-31T21:38:11,262d067941f3a6cc28c2770351d6e9a4358496bfe27e1eaf2ff76de536615eb8,20649196,1,0x8979CdD44b96007753e4BBc429De6f7989DAD16C,1725115091,1756651041
2024-09-01T08:09:11,9c58c68869c272f9d829afee1baf59f0d6cbe1a38f9f306dafa415d94d350eba,20652337,1,0x0A094e2Cb26578E688a28e7040199ADC6cd490Da,1725152951,1756688780
2024-09-01T08:28:23,5b246da42cd5b93dd6c4d74f0bcadbb91bffdc2901c69d407f665861b3b1e2b6,20652432,0,0xf3635F37f49637f76087CEa867874314E98Ea03A,1724390339,1735718400
2024-09-01T08:29:47,f50b666c23d928cd7d197f1a12ff083caa925321bc157bdd99a8998bda9bbee9,20652439,0,0xf3635F37f49637f76087CEa867874314E98Ea03A,1724390339,1751439600
2024-09-02T02:53:11,7b897ae5caaba6a2e2297053181306e97d1cbab3d1b23cd3f8961c1cfdf85b39,20657933,0,0xA0Eac5D90Be5e6346B22895a207d49FBe9711447,1725220391,1725220391
2024-09-02T05:16:23,a224e9d08501ff72bd18a3d6b401050270994c9822fe5fb39f8e2454655780f8,20658640,0,0xbE0030B71e9edED2B417F2a459c0CE24a4e8089A,1725228983,1727643600
2024-09-02T10:57:11,d9c92da56e0257deffd57672b53b176005823e3c20b90a688ae4ebb9f30343a2,20660340,0,0xF32E0e22Ff269a62aeDB1b9CDa736D6749EFD63E,1725249431,1725249431
2024-09-02T11:13:11,7ef05add07f81c75cc2dde56c28ba3025cc79a7b4733de8ca6dfd5110bee43c0,20660419,0,0xab93B28a2bdf90B3f088BBA477E8618572AC78C7,1725250391,1913615963
2024-09-02T11:24:59,9437b472f68056ced0c46ff947455280bd1e194952ee86a58d6b05a598182996,20660478,0,0xab93B28a2bdf90B3f088BBA477E8618572AC78C7,1725250391,1914652763
2024-09-02T12:51:23,d39c1b7c27e5580193de5f3c0954c3e9fc460ed8b3c17b52a6883470be2c4b03,20660909,0,0xC03D7825d2b3EC9D73D581802Ab49301C4EBB4D5,1725256283,1725285600
2024-09-02T15:57:47,76d024f0dd78b2f2c9b694b08ee55ce4cf9b5b6b5de7a096c1b155277597a96f,20661839,0,0x839f654749F493f5407bde26556E5052376f144E,1725267467,1725267467
2024-09-02T16:38:23,ef0e745fce4bf364ed5bb810cd4a5b168ddbe92662e8c40710fcc7a097a4581b,20662041,1,0x4317C2A305857eD8A9Bc2Db3190083584C916bd2,1725269903,1761561470
2024-09-02T16:58:59,cc1c607dffd0659560aff06a2cc15f6415587f06c38b2baaed566f7e12bc76a2,20662144,0,0xD2AF441BDaA3b618511D89A4Ace7b7526eDd0b7F,1725271139,1725271139
2024-09-02T23:11:47,4986ae172208f9bec4f015ca20634d7152c6d634cca8d3d76ac3d681e612e08e,20663994,0,0xe0526f67B5a4D66cCa23CF38AF242D7cDdBc5e4e,1725293507,1813035600
2024-09-02T23:42:11,c95d1021134363b78c5653b510c5faca1e8eb67e9ca100af3aff472d35402a06,20664146,0,0x2BbFC8896aDD484720a42028798B136e13aFC00B,1725295331,1914987600
2024-09-03T02:30:59,8a5ffd11b61660c18a32b102deb46a03b3ba91a382887ee72bacdf7c2ddb4f35,20664987,0,0x90457dF24e85E174E61eC62fBAb1A6eF34874d7C,1725305459,1725829200
2024-09-03T02:40:35,f30db0c753761776821603a838aee288d41298ce6dbdcedaa86c4d65d7ce77c4,20665035,0,0xE1Df5B8C0CA6c53bB0eAf67E5853baA64f3A2D02,1725306035,1726869600
2024-09-03T04:14:59,5d117ca93c85e1720b6d7a6195dd467ade8e64c05a3213f36ac8554d16d7c98c,20665505,0,0xBeB8Bf7AbBD313D28A9c4EBBA04FD0838F4804A9,1725311699,1907121600
2024-09-03T04:18:23,1dd97e509cc698244d61f143cb3546f9819e98b0b01baa1850e39110f8595a4a,20665522,0,0x61f75F48b4c4783c4E61F1bB83c2dAfE324C06c0,1725311903,1875067200
2024-09-03T11:39:23,7c6244c4d13e7e4a0cf82dce39d1a24a929ce85533ea4bc0b694d2f4be02cf7e,20667717,0,0x896C20Da40c2A4df9B7C98B16a8D5A95129161a5,1725338363,1911182400
2024-09-03T12:51:11,ddbcf175235120f30b3c1054bf740add8d7c7a7662a4b9db756daaa7193fe90c,20668074,0,0xC136869E5f1997064E1425086C7d8D6740457F29,1721975855,1728248400
2024-09-03T15:24:35,825b1cfd981d4b3494259e11e60ff0ab683df9065d9d3b8661a178fdcc7e7990,20668836,0,0x10593b8BC4E15690576E0A20103B8c357eA84dcE,1725351875,1788213600
2024-09-03T18:02:59,9e6d782057c6f074ea73518adc1772d6756c03306905b81c126546c649d87908,20669625,0,0x9a46FcB90a47f08112a21c158c8bf5F4aEA29230,1725361379,1725361379
2024-09-03T18:34:11,687010151bfda5ff93a3d575d2c0469bdf24ae3a648fd64d41e69078edd1ac40,20669781,0,0x555E31229cbdBA237442AF5f2B4B0593E4c69c98,1725363251,1725363251
2024-09-03T20:47:47,c588464f4a31089cb65e0ac7ead392c969bab30e270cb6f483f8453934dd11a5,20670446,0,0x302b556f0C383fede931425a6447e0184cd532bd,1725371267,1798066800
2024-09-04T02:23:11,d43ee707fa1bc86f8f42536d09e30bee216b17c818868e8451566eccbc02ad07,20672118,0,0x10593b8BC4E15690576E0A20103B8c357eA84dcE,1725391391,1788213600
2024-09-04T04:55:35,26d05a3afba63c6e6a0e3b09bb9c0be73c2af0e1ef6f8a6aada7a0d078cd28bd,20672878,0,0xcFD727653C3d5a1B943f675781d3245B884f1d34,1725400535,1914786000
2024-09-04T09:12:11,72d1592936034d32444b054a5a0d47f964b0447b1d9e2661dbf3854066677ad0,20674150,0,0xb2B3cDB9132252d0e2AC52Fb768977eADFEF9a7E,1725415931,1859234400
2024-09-04T10:07:23,2a4f651613d3f99d11664b012eaba77fdae81c870703174f15e552e4495aec1e,20674425,0,0x14C6DA1c07aDe0B5ab00947B4C23dC83e5E4706D,1725419243,1725419243
2024-09-04T11:36:23,7069a9ed1f1cd44b9c26c44d3f13725f2cbfc0bae8eb4ffd4fb13a3afea48b08,20674867,0,0x462e3D9890d8D59a90C2f1DFbA1b86c3Cce0690C,1725424583,1725424583
2024-09-04T13:26:35,5945f02125138d8a22f6e59dc1f81f6ae2f9674617c445cb86fdbcd2213e7b78,20675414,0,0xA2D5146a9A07294562db0B6241CBFD3747cD5062,1725431195,1914897600
2024-09-05T00:38:23,8022c3b48a58b8334a952f5cde7600687a0befec6017bd99333843ded1adf62f,20678762,0,0x821cbB157504c3B0ccd92Cc9Daf6442556cc5eC3,1725471503,1750831200
2024-09-05T01:15:11,752be1331e0eacd9e9672fbdd04b51b32739e06a4d49494d52bded9c62280b30,20678946,0,0x045661EB6E0f8E3b3708E9E653ED15DDC0Ef6e9d,1725473711,1748836800
2024-09-05T02:05:23,4e0740d81d9ff0a0b985e1e121810a0f1bfe3b48c1cfc1f8ccb668edd6c2eba2,20679193,0,0x4d088dc118fFF0869a29988e86E9874737599A1b,1725476723,1725476723
2024-09-05T06:42:11,517a2d59cea150ff0f90bab21fa505423897e8d1acc4588ca59649b67908fcbc,20680574,0,0xF32E0e22Ff269a62aeDB1b9CDa736D6749EFD63E,1725493331,1725493331
2024-09-05T22:25:11,73e5e48ccc34263d25ce17ba1702ed2f709165c0c8d99201494fc2e390250e8e,20685266,0,0x6Fd04525F2849D1eE8A4939C0FD40E1C1393ED55,1725549911,1725549911
2024-09-06T01:53:23,8781558693837d108dcafee76432f2f295d3f9782fb871d206e0619cf310d1ca,20686303,0,0x9Ac2b23ef7CBA00cCc60Ec666010c04CbB70eBf3,1722481739,1727704800
2024-09-06T01:54:47,438253ac964968c43e0bc04eb15a0df7463cd4edc301875cd07d2b857c06fc94,20686310,0,0xD8bFD88039Fa5dEFc2De71CE20D2D2706c278af1,1722482183,1727704800
2024-09-06T02:37:23,e5c5154c1ba326e53d080855eac78b8086014ac6af5c591e1527b4d0fd73f70a,20686523,0,0x453e8aF62bFe737A0e05125020Da45F17156A1f9,1725565043,1725570000
2024-09-06T08:46:59,cd3307bf8ce90821977491659a086a601680475ced65cc2729b3c69cb593303e,20688360,0,0xB41C4A4e50B0a0500cECf3C9a6C0e8EC80c3e467,1725587219,1743458400
2024-09-06T18:30:23,644e0a7f23f4f2f9f990c542184df20e914802a896e77c12fbc40e965f20b3c0,20691265,0,0xBC2e5e1167c153Aa5Db6d11c6A8eC3AEA8A4BFEe,1725622223,1725622223
2024-09-06T23:13:35,6f547c2bd0574b9893ff033ccf101c257491bf3f5a5ef4a305b9f046d0d08aa7,20692670,0,0x180ac00C2170271624928833ee93D6117a2F63A6,1725639215,1754611200
2024-09-06T23:14:59,e66493c9a9c58e65ee5d334649380f397551c9c1b975052c47d82da8b1166b19,20692677,0,0xb7c42442fF80E79e36F841BCf67AbdBeD2889321,1725639299,1786665600
2024-09-07T01:48:35,5d98e361922f3f975bcd15e94c3fcab034c9eb607ca0c61978886adb621fd54e,20693442,0,0xB101c377de0bf52b031e22c230FAA763522Ee9A6,1725648515,1759302000
2024-09-08T00:41:47,0e8a02412cde91dd65c3a3800f01af472a0bd7d7bece7238739d193ae0b47d89,20700285,0,0x94b0058cc348e52BE0e13a55fdc1467B552588EA,1725730907,1725730907
2024-09-08T00:49:47,f1bd3fa520eb6fa4c8681cc8ba3bb5b0b8afa87f01531924997e0edab39a8d2c,20700325,0,0x94b0058cc348e52BE0e13a55fdc1467B552588EA,1725731387,1725817307
2024-09-08T01:38:47,0b9936a6be14d3ccf6e04d803a3adcc2db03360c8b42f1d01eaa6d62d2b1d9d6,20700570,0,0xFB11667450831158F2ddC1af4d17Ca756e02de7E,1725734327,1725734327
2024-09-08T22:15:11,5320f850b46351c5961c2fed8362aab9feef900d79298d9ed7d0515693bca641,20706723,0,0xede04e80CCBFF80c3d50F88c294fDF7b39b43e16,1725808511,1725808511
2024-09-09T06:58:35,1deece40f3b378c2b83b8bb7aff691808adb02e97c7a4e616330be39576b5261,20709322,0,0xba15E9b644685cB845aF18a738Abd40C6Bcd78eD,1725839915,1725840000
2024-09-09T08:08:11,2924a5b8838d74fa760f21e3111e424d867b5854e5045ca32c22a2edf7601f9a,20709667,0,0xE6a52260694Aa80FA0cA152ACDc868deA4566F2a,1725844091,1725844091
2024-09-09T11:23:35,b41bce171333de6e93700c0d86b0cc2c61d47f836a341bab899bcb701564103e,20710643,0,0xDb1304060dD4e97d62497FF9566D8734328A6099,1725855815,1725855815
2024-09-09T23:00:59,825917484fc7b810783f122381d13c57d767dd5af88032ccfadda607a4a1412d,20714113,0,0xA0Eac5D90Be5e6346B22895a207d49FBe9711447,1725897659,1725897659
2024-09-10T00:06:35,313d3476512cdd319e4d613c23c693a0553de3423f6c5cc7ed85592e31c76968,20714437,0,0xba15E9b644685cB845aF18a738Abd40C6Bcd78eD,1725901595,1725904800
2024-09-10T02:43:59,425681982b7110437538b7fa5a165cd4f6b2d1751642c5d27660c04f2f0df2a0,20715221,0,0xF32E0e22Ff269a62aeDB1b9CDa736D6749EFD63E,1725911039,1725911039
2024-09-10T04:29:11,a7befa34e96955e050578f863d502c0d5792a0ce9a0b1e4179e2c7b3e2366cb4,20715744,0,0xB57Fc8E76E9531137D698f41a5ec527b22BFC4B3,1725917351,1917032400
2024-09-10T05:27:23,5161c1f64dd16088aa0a0abd8bd1933a20a537cff6df4d05f28c3b58fb4fb720,20716035,0,0xeA2935039CFb83C4E4a26ee1E861e9c224206a04,1725918431,1798668000
2024-09-10T05:33:11,2c1438ee540c1c973986fb57e54cc6500768833dd30645a53adae05de046318d,20716064,0,0x784d85fdCbc329e9946b20699F7611d5F185C5C3,1725921095,1767132000
2024-09-10T05:37:35,71e19d8c69e9472809794865c136cb2b9b29a1b7ffd093720b902d57c0043123,20716086,0,0x4f156e36e2fC71595e180a0F8Af1a3d9D0E8EB8a,1725921455,1751230800
2024-09-10T05:43:23,970ff8bde149454486a1808fb51e9124be0e29ef7006110f51b2c603d0b2cc0b,20716115,0,0x24be950dDE286043a48B49925D182770Ee9EA8B8,1725921803,1782766800
2024-09-10T09:23:59,d874c307b9f2057657ecae3daeec8769cc3ca5bc7c3f0fb28247c2fe59dbe694,20717212,1,0x286835f2B2360efd06AE2f7ac92165c7a9F803EE,1725935039,1915151001
2024-09-10T09:53:47,4315e73981267032a751f5da533e566ac5a0136cae2ea53bd0ecd09b787789c5,20717360,0,0x2A8bb2031Df9Df7d94059b806d6372225aF03E4b,1725936827,1725976800
2024-09-10T12:22:59,8d88e1796fcd6fccbd96651cf5acd2fe8a9a79a5f8ca3288760d6761cf9fb139,20718102,0,0xcbdc53d424D5a2e5fef1776997352f10212c9883,1725945779,1725945779
2024-09-10T14:14:35,7cb3564789fc1cd8a53bf8ea71382d6de41aad52a48245d938cec5371a73c12d,20718655,0,0x331F048Ff13efCBA008dF4594Fd5C9E031118974,1725952475,1725952475
2024-09-10T20:08:59,bd7461f978e44067e5ec7fe1fe18ed443c23353164b1082d034dc4c2641a691a,20720415,0,0x2993E1D02b11377f44455AEdc618C705acbb0591,1725973739,1727647200
2024-09-10T20:09:59,5296bd2af9ae662f202a3ac27f0e55c7dba3b6e129dec2e1051a885ec69b17f3,20720420,0,0xcbdc53d424D5a2e5fef1776997352f10212c9883,1725973799,1725973859
2024-09-10T20:22:59,126ab0de4ccf8135e3305821ec92edac8d17e7b97ff98e6cfb790acd32d6ca97,20720484,0,0x702Fc2B9e75b3cE03681a758bB0AF96756cC3093,1725974579,1727647200
2024-09-10T23:44:47,10cb2f9df79f2699b434c7ef3512a5f24c773409c17bb3809e38fdf3cab650d9,20721482,0,0x6957D2139d29E7DB7913ac21e813f2a561E47aC8,1725986687,1726002000
2024-09-11T00:57:35,6a1761ef4d34d2be8ef8c31f271e62ef8f1dcdcdade3f3f14842fc9fbdb8e213,20721845,0,0xba15E9b644685cB845aF18a738Abd40C6Bcd78eD,1725991055,1725991200
2024-09-11T01:13:11,697a69e81cde4d7ef2e2f6c57ebe1f42f4d6e05f4b5dffd568fe35d810a040ea,20721922,0,0x3D62B7A42228C767E561f746bA399caC58DDc7c1,1725991991,1726038000
2024-09-11T01:24:59,4ed341de122785f28890148b8c8fbeb2561691d6491fd5f80f5c37c0a605000a,20721981,0,0x3D62B7A42228C767E561f746bA399caC58DDc7c1,1725992699,1726038000
2024-09-11T01:58:35,042c383a64d84cc9418261517aabda8e67e7706cb7ec1820bb5e66795a4f6fe9,20722149,0,0xc080E234DBA2545E93872cE6E96E683A4e29046b,1725994715,1745985600
2024-09-11T04:49:23,fa06acd2277d05fcfd3e93c94f059fc9aede4e2e65518f0e0e2112e5e7818b03,20722999,0,0xe2A42530c1e248c469C00B58a7f556337f64ad5E,1726004963,1726004963
2024-09-11T09:16:23,6ad81a61540ab8c4811cd37b1ef438d533155e9bf7040447f0971317c15af82d,20724327,0,0xe4Ed31Ecb9b169163C1C32Daf87A64A5CD25531a,1726020983,1726020983
2024-09-11T14:02:59,37592f68f1424270a99df4d05e101407f8f673ead31f1916a7c597538e261413,20725756,0,0x462e3D9890d8D59a90C2f1DFbA1b86c3Cce0690C,1726038179,1726038179
2024-09-12T05:52:23,125df228df7d2a78e850726b08c3df8dc08dac9efa7569e0800c463661fc3fac,20730473,0,0x3b5a8124bf887f76Cc8fd700475f8D861E653604,1726095143,1749330000
2024-09-12T06:20:35,10fa0a4d9debfa96560a54cce5d7660cba100008c9ac091dbccbac43032668bd,20730614,0,0xA3609cf7872faa7804281c7C5eDB8b2D33001089,1726096835,1726096835
2024-09-12T09:47:23,eb7b573484f608b20a43a9d8d7093c888153d60ef3b44db5415fcba7d31d4627,20731644,0,0xAaE03c575d34674Ab39f8eA949fB43b11f3d966F,1726109243,1759291200
2024-09-12T10:04:23,84b3adf9065cc9b351175b4cf3113983f9dd29c0170dfaa5486a0d554d05ff1e,20731729,0,0xe4Ed31Ecb9b169163C1C32Daf87A64A5CD25531a,1726110263,1726193783
2024-09-12T12:29:23,4e141c44f82effa28c718529d06269e77dbf32ac6de6747ee1e067447ccb1d31,20732449,0,0x819D7A3EB883D7a2F0b9e87561298E294C66c538,1726118963,1726118963
2024-09-12T13:29:11,c570dfc8b252d9fa29af2d258b3dc589e459e32be8a3c8858b96bc9347e14009,20732747,0,0x819D7A3EB883D7a2F0b9e87561298E294C66c538,1726122551,1726122623
2024-09-12T13:47:23,15e6ec13759b9113f1337013df0f4fc28fc46421cca34b9e5ff6f54a30a1ee2a,20732838,0,0xC9224FD5a60B1C94338399E173b35d4602DBc2b6,1726123643,1728687600
2024-09-12T13:48:35,48c862521182e221c89b4fb09ea5babe4926432971d4a1ea857290033c6a0ef9,20732844,0,0xC9224FD5a60B1C94338399E173b35d4602DBc2b6,1726123643,1737504000
2024-09-12T13:49:47,9f7f7a4da54ecbd519ee2b0d007bb32381656252abe0cbd336fa6921e2cc5675,20732850,0,0x819D7A3EB883D7a2F0b9e87561298E294C66c538,1726122551,1745649023
2024-09-12T20:51:47,64857b67299544abc32f631d9ff116b7f9e373f4de717bbce5f144d0a71e1d9a,20734946,0,0x5314eD61EF85fE30137A069289E0A1aBdD8237c8,1726149107,1757574000
2024-09-12T20:58:11,3c0d07619e8ecb4fa8d5275ca940b45de6b25fae4a0c76b99db71fd780ab82d1,20734978,0,0x7aF5BA6291b15c5053d6dDA6bB2cD89909Dac39D,1726149491,1907960400
2024-09-12T21:44:23,662be7966135e122f90e9d050c048e8da7702656746156827f011051b0f27a21,20735206,0,0xd883fE1B3ebe85bEa9a355BF93d1bb2DC8f736D5,1726152263,1757779200
2024-09-12T21:44:23,08f6fc2f01f397ce6ae2c3d7f16d87e8e9e79009daca0f0da3fd5686964995e0,20735206,0,0x4B94120207a61a2C331BfbcFeF4187Fd467cf01D,1726152263,1740697200
2024-09-12T21:57:35,3fd7a580076abc407eb13866fbc40da8d040252aba983dccc12474bfc5157a12,20735272,0,0x4B94120207a61a2C331BfbcFeF4187Fd467cf01D,1726152263,1748383200
2024-09-12T23:50:35,a4ed5b95b6ac6368e1891afd4fc12a73522a349501bdf12377c94ad94884e1b3,20735834,0,0xf54e3Eec141204B90C1D520334c26d5D1e3c4b39,1726159835,1915416000
2024-09-13T00:09:35,6a200348d1720343127615b4b7bf9514e5314b41fd27f2ef3c9ae070462d9a18,20735928,0,0x1db91f586331D168e2DA4C6BD73b689fB9f43516,1726160975,1761951600
2024-09-13T00:10:35,1b6a905537d5f596997b13d63bbecb2eba3646b6b4f30c16c0cbe8f7e74b8ee5,20735933,0,0x7eB12f04Effc4901D7520E4eBd62dE512743feCa,1726161035,1726161035
2024-09-13T01:32:11,03436868fa8bd97c7430896ce53aa1d7b42737babc040745fc2cf21fd608a7c0,20736341,0,0x777001710667728f1b696F67B16f8EBd43A72CD0,1726165931,1916517600
2024-09-13T06:37:23,a9b8e431294225f958ae7e69e2d16a9bda5ac8db98918f1a49d5682c0f7b3eae,20737852,0,0x203832C4dE17B790e645377C1Fe1C7cE4c392071,1726184243,1726184243
2024-09-13T14:40:23,051c3db74243c2b2ee47e6853190f5104486eac2d4b7b4873218324ba4420c0b,20740263,0,0x09D54046d373eb59A37140a85B074139A1Ab0a64,1726213223,1726213223
2024-09-13T14:55:59,6f15763b41966e41354998eeef1d73bb11c090ea0df4b03bfd04d64327e3f3f7,20740340,0,0xe4Ed31Ecb9b169163C1C32Daf87A64A5CD25531a,1726214159,1726280183
2024-09-13T17:28:47,ebec69487a4b390b7fc096f7969fc4835677509a890679216e07a336f95e74a0,20741100,0,0x3de2616Fd986168D4Ef592ACD95758727B25458b,1726223327,1726223327
